{"train_losses": [0.8144710757335027, 0.43587579697370527, 0.3845159031947454, 0.30371962904930117, 0.2358859164516131, 0.1994032581150532, 0.18006171934306622, 0.16953340895473956, 0.2028761384387811, 0.19950130671262742, 0.16365637871126335, 0.13411388310293357, 0.13103839312990506, 0.1124877792596817, 0.11853053949773312, 0.10300509149829547, 0.09817365184426308, 0.10041106890887022, 0.08732539056489864, 0.07222847522546848, 0.07628851164132357, 0.09291249277691047, 0.07708540803442399, 0.07538562434415022, 0.0807969010497133, 0.061303935510416824, 0.059637493503590426, 0.05580542134741942, 0.05322926008452972, 0.04843314789856474, 0.05141655192400019, 0.07493488933891058, 0.05032934087639054, 0.055296133626252415, 0.049557096846401694, 0.05381109739964207, 0.039549788801620404, 0.049758967111508054, 0.03858437452465296, 0.04176379928986231, 0.04877527117108305, 0.05689957010249297, 0.048504731307427086, 0.04222338248044252, 0.05397390052055319, 0.0488920463124911, 0.05336688767497738, 0.044645718056708576, 0.03490567839394013, 0.03758338470632831, 0.033919089613482355, 0.044749725082268314, 0.03300090036044518, 0.036596782337874174, 0.029098743898794056, 0.025349807711318135, 0.02322698990193506, 0.023282290445640685, 0.02181896356555323, 0.022309672168145576, 0.01832528486692657, 0.020961809155220786, 0.020133529010539254, 0.021201557368040084, 0.022649441994726658, 0.023236429216340185, 0.022043405305594205, 0.017291994901994866, 0.0228455792957296, 0.02420810600432257, 0.0287360458727926], "val_losses": [0.8525248725305904, 0.6400551931424574, 0.624529704451561, 0.5360684171319008, 0.4484376670284705, 0.41303038935769687, 0.4059028887951916, 0.5539174638688564, 0.6269930987195536, 0.42687473547729576, 0.39567232165824284, 0.3899171320213513, 0.33788866668262263, 0.3355623495511033, 0.3011878122660247, 0.2681748876348138, 0.22950927489860493, 0.21298556385392492, 0.20147624188526111, 0.20107437945394355, 0.19128052695569667, 0.19315102010626684, 0.18315931434997104, 0.18330442753027787, 0.16698174297132276, 0.1512756756591526, 0.14847971553998915, 0.13755112776363437, 0.13805874276228927, 0.12073945029723374, 0.13670061075721274, 0.16614589425311846, 0.1327239513312551, 0.11449366223744371, 0.10457387452267787, 0.0964684494855729, 0.132157710719515, 0.10163924534043128, 0.09884846295145425, 0.10398459591140802, 0.0902804385616698, 0.09791646313599565, 0.10966422518884594, 0.12106974863193253, 0.167000313162465, 0.11615906270559538, 0.20534359066831795, 0.14423653212460605, 0.07928279598920861, 0.09354523687877438, 0.08215516191822561, 0.11221233594485304, 0.0704762747680599, 0.07426585244353522, 0.06564306753518229, 0.06113343527117236, 0.05940536868927831, 0.0569431435062804, 0.05834687674756755, 0.050068848448890174, 0.04340675760018216, 0.06021094853481786, 0.05341483178463849, 0.05900015622716059, 0.07207537385296416, 0.060337308519096536, 0.05561066215688532, 0.06401871462267908, 0.09974461609751663, 0.07938351293771782, 0.09840530493635345]}