{"train_losses": [0.007175466220360249, 0.004542235223731647, 0.0036556345457211138, 0.0041359969329399365, 0.0033293963681596023, 0.004094758606515825, 0.0038828692119568585, 0.0034100727814560137, 0.0027845859217147033, 0.0029362099947563064, 0.0028292860649526117, 0.0028773543611168863], "val_losses": [0.014766492584550922, 0.015393394987437536, 0.013588252775000663, 0.011852029901505872, 0.010464193860322914, 0.012001883373489942, 0.009182779589371587, 0.015406040816081011, 0.010030051529280503, 0.01316000988564073, 0.009284589690981771, 0.013275109533093531]}