{"train_losses": [0.8414538977097492, 0.6550865085149298, 0.5777424619514115, 0.5377782463115088, 0.5302284422273539, 0.5083817217727097, 0.5031393489667347, 0.4811425502507054, 0.47344341417964625, 0.4574937381002368, 0.4625146658901049, 0.45323534522737774, 0.4534544062857725, 0.43729093914129297, 0.43095451281691083, 0.4277678536517279, 0.4185407050714201, 0.41493378397153347, 0.4171866719059798, 0.4147987131561552, 0.40512822842111396, 0.39983020829302923, 0.3937320278919473, 0.39160448510427864, 0.3859701056261452, 0.38659388085409085, 0.37980937136679277, 0.37616715222901226, 0.3746221822743513, 0.3699979852048718, 0.3660531706195705, 0.37027369758912493, 0.36739781400074767, 0.3697204952489357, 0.36862623212592943, 0.3713013787506794, 0.3769091592759502, 0.3629826783221595, 0.3559121539702221, 0.37060206816816815, 0.36566891369162774, 0.3559428521869134, 0.35000709033742244, 0.34512691792784905, 0.34957934490271975, 0.3503370838505881, 0.3517086848768653, 0.3579028136267954, 0.34726927923608797, 0.3440220520204427, 0.33998140761134577, 0.3358534357833619, 0.33538637568756025, 0.33905366139144316, 0.34011787982011327, 0.347895585456673, 0.3367099835708433, 0.32485323627384344, 0.3226218879679028, 0.32532005255319635, 0.32305068036123197, 0.32708675269873777, 0.324999744414675, 0.3234372203599434, 0.32243392935820986, 0.3185884778444864, 0.32063577415383593, 0.31913434090662973, 0.31503116711974144, 0.3147391769654897, 0.31510540508494084, 0.3128954127278863, 0.3198079212131549, 0.31797473565960416, 0.3225217167364091, 0.3217334761759456, 0.3235103849853788, 0.3152081769491945, 0.3112249149351704, 0.31280437925336313], "val_losses": [0.8185815704720361, 0.7664364448615483, 0.7338486867291587, 0.7614271002156394, 0.7171588071755001, 0.6720053894179208, 0.6932895311287471, 0.6388606216226306, 0.6746951703514371, 0.6218650809356144, 0.6730948090553284, 0.6135905938489097, 0.6479714746986117, 0.6049450252737317, 0.6048482613904136, 0.5908669680356979, 0.5906001222985131, 0.577882741178785, 0.5810465174061912, 0.5864107608795166, 0.5640531373875481, 0.5711178417716708, 0.5452391122068677, 0.564166539481708, 0.5436705925634929, 0.559453156377588, 0.5437103094799178, 0.5359012452619416, 0.5440039985946247, 0.5325799797262464, 0.5231295142854963, 0.5589756337659699, 0.5132579558662006, 0.5800198635884694, 0.5222143669213567, 0.558537812105247, 0.5222229425396238, 0.5417488430227552, 0.5217598602175713, 0.5346910868372236, 0.5099883409483092, 0.553997448512486, 0.5044208743742534, 0.5275442366089139, 0.520593927374908, 0.5232168116739818, 0.5110752327101571, 0.523198453443391, 0.5171864543642316, 0.5143505345497813, 0.5157882837312562, 0.49248960827078136, 0.5260272505027908, 0.4942058175802231, 0.5258881183607238, 0.48693771553891046, 0.49418104865721296, 0.47626438098294394, 0.472283022744315, 0.4772675910166332, 0.47916514426469803, 0.48714958131313324, 0.4801607696073396, 0.4595488373722349, 0.48819301490272793, 0.46972100543124334, 0.48254252863781794, 0.46613579988479614, 0.47521002164908815, 0.4487711957522801, 0.4851316234895161, 0.4558476060628891, 0.4703857696482113, 0.46876539822135654, 0.48727500438690186, 0.4680115133523941, 0.48514142845358166, 0.4530965866787093, 0.4746617281011173, 0.45794383862188887]}