{"train_losses": [0.9935220469688547, 0.9062901293409282, 0.872363169645441, 0.8604588662755901, 0.8398317129447542, 0.8217102700266344, 0.7985886099009678, 0.7744754491181209, 0.8095042541109282, 0.77510882862683, 0.7694727028238362, 0.7644830520810753, 0.7303258437534859, 0.7235824784328198, 0.7046527893378817, 0.6914778043483866, 0.6831997889896919, 0.6852497725651182, 0.6980466626841446, 0.6772399143926029, 0.6580537701475209, 0.6570041765426767, 0.6485693105335893, 0.6375137012580345, 0.6339808147529076, 0.6289793222114958, 0.6278843478909855, 0.6177177984139015, 0.6178085259322462, 0.6119765449186851, 0.6104235741598852, 0.6167272236840479, 0.611422971404832, 0.6207919552408415, 0.6293525757460758, 0.618007118331975, 0.6022441222749907, 0.593786238082524, 0.5891745147006265, 0.5832806445401291, 0.5901216782372574, 0.5926551161141231, 0.602477331099839, 0.5960224132085669, 0.5946753672484694, 0.5979053922768297, 0.5949363549207819, 0.5943435944359878, 0.5997161115037983, 0.6023566686901553, 0.5974151266032252, 0.5845547159170282, 0.5761490731403746, 0.5721390714933132, 0.5759091212831694, 0.5772598683834076, 0.5854676072967464, 0.5753279056014686, 0.5762806026072338, 0.5790750795397265, 0.5823181790524515, 0.5749483745673607, 0.5710395148088192, 0.5666820889916914, 0.5664752988979734, 0.570188493050378, 0.5786734141152481, 0.5735283637868946, 0.5716326026053264, 0.5715877228769762, 0.5937587839776072, 0.5838351146928196, 0.575770392500121, 0.5733300385804012, 0.5726598999623594, 0.5672924647043491, 0.5695889905608934, 0.5585455714628614, 0.5602797901835935, 0.5596152816353173, 0.5599852281397787, 0.5551286447664787, 0.5575044530219045, 0.5669284925378603, 0.5820568954122478, 0.5681900084018707, 0.5661775022745132, 0.5604187604682199, 0.5582987337276853, 0.5595099766706598, 0.5586850545529661, 0.5548033467654524, 0.5759224552532722, 0.5682820246137422, 0.5869400537219541], "val_losses": [1.1673835378426771, 1.0887342508022602, 1.0589093565940857, 1.0478826898794908, 1.0331283188783205, 0.9826830992331872, 0.9304504279906933, 0.9394649611069605, 0.9790178491519048, 0.9394571620684403, 1.0070960911420674, 0.8899881495879247, 0.882246026626, 0.848825624355903, 0.8251720116688654, 0.8430973979142996, 0.9058309541298792, 0.8974142510157365, 0.8701804830477788, 0.8506909975638757, 0.8203344964064084, 0.807665270108443, 0.8086279814059918, 0.785507504756634, 0.7880967717904311, 0.7929822344046372, 0.7825909738357251, 0.7755941060873178, 0.7769802075165969, 0.8032170969706315, 0.7785662206319662, 0.7857325718953059, 0.7564895084271064, 0.7847232383031112, 0.815485438475242, 0.7727865553819216, 0.7703781517652365, 0.7639032556460454, 0.7445912842567151, 0.7501728122050946, 0.7482375571360955, 0.7869051763644586, 0.7661454196159656, 0.7468265455502731, 0.7518412264493796, 0.7444715178929843, 0.7564223064826086, 0.740176253593885, 0.7713356866286352, 0.748347635452564, 0.7626744623367603, 0.7306450307369232, 0.7277066799310538, 0.7322818315946139, 0.7291622116015508, 0.7675888882233546, 0.7424931938831623, 0.750187527674895, 0.7630481353172889, 0.7521389172627375, 0.736042476617373, 0.7350849096591656, 0.7194118797779083, 0.7263514193204733, 0.7288547685513129, 0.749790948170882, 0.7394421352789953, 0.7226768388197973, 0.7385610823447888, 0.7701929784738101, 0.7816613224836496, 0.7377765889351184, 0.7231743817146008, 0.739514009310649, 0.744756634418781, 0.7403376331696143, 0.722658056479234, 0.7140900698991922, 0.7392127536810361, 0.7128087740678054, 0.7241389315861922, 0.7162465831408134, 0.7303337741356629, 0.8023672218506153, 0.7344662088614243, 0.7476505843492655, 0.725051597906993, 0.728048698260234, 0.7340239836619451, 0.7371024604027088, 0.725333896967081, 0.7282228813721583, 0.744829569871609, 0.7875184187522302, 0.7885920336613288]}