{"train_losses": [0.9874853702454731, 0.8209043034705622, 0.7243299399470461, 0.6606787900472509, 0.6240088248561169, 0.5986330676181563, 0.5745915475076643, 0.5605058443957361, 0.5442031516597189, 0.5362285077571869, 0.5273063437178217, 0.5196501705153235, 0.5126350033899834, 0.5108319484981997, 0.5016115860178553, 0.4958101433926615, 0.49338087645070305, 0.4914277221622138, 0.49128193716550694, 0.4857111318871893, 0.485187164154546, 0.48027080066245176, 0.4756885584572266, 0.4696604686564413, 0.468750424683094, 0.4658150667774266, 0.46431420281015595, 0.4662840944425813, 0.4639699338325139, 0.46419935056875494, 0.4565067044619856, 0.45349070943635084, 0.44881006612859925, 0.446972522756149, 0.4448469486729852, 0.4443999462086579, 0.43830244320219963, 0.4372071986054552, 0.43732334082496577, 0.4372271980191099, 0.43723310478802385, 0.4349399319496648, 0.4314579285424331, 0.4259749113999564, 0.42467340236080103, 0.42722980087173396, 0.43421020667100774, 0.42635787047188856, 0.4224597128300831, 0.42402201916637094, 0.42288804439635114, 0.43314558447434987, 0.4286695790701899, 0.4271115999797295, 0.4132356782411707, 0.41201472770551156, 0.4105251608737584, 0.40608077213681976, 0.41081209352304193, 0.408164764015839, 0.41249740175132094, 0.4169187733325465, 0.41273908856613883, 0.40435942930394203, 0.40541142662023677, 0.4104873591969753], "val_losses": [0.9421929848194123, 0.8489452666044235, 0.7392006593942643, 0.711791279911995, 0.6685745644569397, 0.6515903103351594, 0.6479170483350754, 0.6196116298437119, 0.6227149468660355, 0.6020384126901627, 0.5998465138673782, 0.5894891345500946, 0.6048470968008042, 0.589640982747078, 0.5713957804441452, 0.5626799106597901, 0.5606667041778565, 0.5619651257991791, 0.563800978064537, 0.5843753808736801, 0.5656437802314759, 0.5455433368682862, 0.5477167195081711, 0.5419801717996597, 0.5455681884288788, 0.5330733770132065, 0.533938215970993, 0.5411176508665085, 0.5376737773418426, 0.5901218456029892, 0.5278986549377441, 0.5283646255731582, 0.5176924651861191, 0.5074004405736923, 0.5175298011302948, 0.5345380520820617, 0.5121321475505829, 0.5114095115661621, 0.5198164987564087, 0.5249633300304413, 0.5099501091241837, 0.5103031432628632, 0.49819244563579557, 0.49671077728271484, 0.5087510925531388, 0.5029386866092682, 0.5149552267789841, 0.49312264919281007, 0.5039990252256393, 0.4982583129405975, 0.5087724965810776, 0.49891124486923216, 0.5030924981832504, 0.5193848884105683, 0.49341578781604767, 0.4793986117839813, 0.48570237278938294, 0.4883934259414673, 0.483006135225296, 0.5107797330617905, 0.533311665058136, 0.5075494617223739, 0.4891558742523193, 0.48365192890167236, 0.49873352468013765, 0.5060773354768753]}