{"train_losses": [1.0008550548347934, 0.8441743881537996, 0.7731045715767761, 0.7162284758584253, 0.6780344869556099, 0.6516917951661965, 0.630123927932361, 0.6126113757491112, 0.6005801550787071, 0.5911194625599631, 0.582702887212408, 0.5762730430940102, 0.5741182457784126, 0.566608972076712, 0.5653878013635504, 0.5609987827724424, 0.5558535469503239, 0.549473375082016, 0.5427366107188422, 0.5403123007252298, 0.5388392456646623, 0.5401642027086225, 0.534938528363047, 0.5289746782389181, 0.525390145593676, 0.5181825047936933, 0.5155605827939922, 0.5170044678038564, 0.5129045399612394, 0.510999810335965, 0.5091831768895018, 0.5061925837192042, 0.5083431848164263, 0.5013393569609215, 0.5004295860898906, 0.4928469267384759, 0.48977844160178613, 0.48705951535496217, 0.48720819117694064, 0.49364250898361206, 0.489097867803327, 0.4849495492104826, 0.4807418990751793, 0.4764945920685242, 0.4782354361538229, 0.48515554800115784, 0.48085615681163196, 0.47095630317926407, 0.4717847000935982, 0.4705677207173972, 0.4715090548170024, 0.47575452101641685, 0.4721973903220275, 0.46302672424193086, 0.45967631324611863, 0.45908861221938296, 0.4542792984123888, 0.4503409055800274, 0.44988657919497327, 0.45243983022097883, 0.45271983588563985, 0.4506612741227808, 0.44801591233960514, 0.44845613965700415, 0.4483774437986571, 0.44664933172793225, 0.45441275269820774, 0.4548414732361662, 0.4484498367227357, 0.44856177527329016, 0.44691739077198095, 0.44541875170222645, 0.44055368828362435, 0.4384835431801862, 0.43864354491233826, 0.4347609104267482, 0.43339026128423624, 0.44313400110294077, 0.44866891385152424, 0.44122474280924634, 0.43611837178468704, 0.4298580918332626, 0.42676479986001703, 0.4255682109244939], "val_losses": [0.9408632838726043, 0.8409823548793792, 0.7729368567466736, 0.7398031443357468, 0.7153776967525483, 0.7039642643928528, 0.6889481556415558, 0.675028383731842, 0.667529678940773, 0.6549071878194809, 0.6531305468082428, 0.6482371479272843, 0.6388499742746353, 0.6378989064693451, 0.6431003683805465, 0.6351741814613342, 0.6189763402938843, 0.6236708056926727, 0.6423381620645523, 0.6100017952919007, 0.6054369354248047, 0.6410875111818314, 0.6040909439325333, 0.6004641050100327, 0.5907813727855682, 0.5965706026554107, 0.6002780383825302, 0.587379897236824, 0.5985268300771713, 0.5850538355112076, 0.5854529309272766, 0.5849472171068192, 0.5814456695318222, 0.5863628393411636, 0.5735579061508179, 0.5808615690469742, 0.5801818925142288, 0.5747915416955948, 0.5796071827411652, 0.5722929334640503, 0.5765380221605301, 0.5819405567646027, 0.5632556474208832, 0.5922797906398773, 0.5916139060258865, 0.5648586869239807, 0.5646939408779145, 0.5550773769617081, 0.5664965742826462, 0.5587470698356628, 0.5720410603284836, 0.5701173126697541, 0.5598710286617279, 0.5698646819591522, 0.5630758786201477, 0.5519745355844498, 0.5567951959371567, 0.5584994661808014, 0.5534410738945007, 0.5519437181949616, 0.5689639270305633, 0.5552257066965103, 0.5676827293634414, 0.5811384177207947, 0.5419774252176285, 0.5751948028802871, 0.551775085926056, 0.5618467330932617, 0.5726669132709503, 0.5496906518936158, 0.5644612693786621, 0.5586979639530182, 0.5680302691459655, 0.5356648075580597, 0.566681119799614, 0.5390516704320908, 0.5687619191408158, 0.5720211762189865, 0.5822175467014312, 0.5439092302322388, 0.5529280698299408, 0.5574612301588059, 0.5502511703968048, 0.5599598377943039]}