{"train_losses": [0.7784143951693936, 0.6236013225490995, 0.5764630625292629, 0.548798861147384, 0.5310954711670001, 0.5155802166320869, 0.505278693001416, 0.4999900829392307, 0.4879697188588054, 0.4821564942539561, 0.47476222011934843, 0.4706109976451072, 0.4682683127636505, 0.46511829413723427, 0.46087465463187804, 0.46381415829385764, 0.45174906036910223, 0.4479057815006734, 0.4493836959496993, 0.4479860629026706, 0.4410147185215113, 0.4406903483399743, 0.440735934783486, 0.4349567324099456, 0.4316739146937515, 0.4286588579122367, 0.4285639404839077, 0.42762512036211625, 0.44155066629368406, 0.43750003450485847, 0.42326142875518086, 0.4226517429542259, 0.4189624864262707, 0.41401943502694194, 0.4180547298470427, 0.4210337893908781, 0.4109060817804092, 0.4132160633155815, 0.40971785210646117, 0.40708638977487177, 0.4075870851616888, 0.41628545637314135, 0.40839515761628425, 0.40580625100248663, 0.4043047338048147, 0.40240405129610435, 0.4019271254950962, 0.39824082274761424, 0.40214554686282983, 0.39672006340421867, 0.4001860247384867, 0.3921234811962944, 0.3915663767143114, 0.3928584585175712, 0.39667880608602857, 0.3901777124028704, 0.3872284858360798, 0.3860843040827934, 0.39211011417871394, 0.39222653880274505, 0.391571710301339, 0.38995992493699994, 0.39050577936558095, 0.38718719474780255, 0.3824279993713725, 0.38278534840902634, 0.37900372804739535, 0.3771082415030553, 0.38234189005763336, 0.3852873749340309, 0.3996421131039042, 0.3875589248461601, 0.3789847965482659, 0.37565517052273306, 0.3722961374817515, 0.37357315268272007, 0.3771125006487619, 0.3717629386946059, 0.37614997142753187, 0.37806390372841553, 0.36796648712200525, 0.3659658560297898, 0.3700743454418474, 0.3678687532566473, 0.3657985085096115, 0.3687616842679488, 0.3682411783016645, 0.36438399259390447, 0.3664781279582714, 0.36691303774567513, 0.36610956763374736, 0.364712954331667, 0.3631403898522699, 0.36867804410894944, 0.3687901966259089, 0.3617067962473431, 0.36172077271359915, 0.36641355105758416, 0.36164200470527486, 0.3591036958807319, 0.3608948990144203, 0.35953201713587873, 0.3654597330346145, 0.36661496867207144, 0.3587981675856212, 0.3553433040601497, 0.36181970219875464, 0.36548155093569257, 0.3577761526643877], "val_losses": [0.6890517090734798, 0.5863894983645408, 0.5465339181884643, 0.536377783538559, 0.5140301537129187, 0.49928838955367216, 0.4859095091506633, 0.4904361685849555, 0.4664675257585016, 0.47267048726982785, 0.4644164239069284, 0.4612642033583558, 0.46669922226585003, 0.4533735717633902, 0.502775566094482, 0.462218686732279, 0.44332159478818217, 0.4734183365161518, 0.5031402130280772, 0.4490165742036934, 0.4476305336309468, 0.4430259898098932, 0.4435258729529271, 0.4584382626867514, 0.4264840004356226, 0.42304072752251604, 0.44515316524813253, 0.4363498186460838, 0.5139472285448681, 0.4293662383122378, 0.4580733550858388, 0.41789228081153834, 0.4502639349567176, 0.417899697607014, 0.48458652239516037, 0.41259165279876253, 0.4367238380323907, 0.4122848458210444, 0.42603201329845436, 0.4085051191429938, 0.45192491826236525, 0.4364009204960089, 0.4113105898765924, 0.40222591535973656, 0.4034674702220798, 0.3993391271697761, 0.39372778392057817, 0.4476363206376678, 0.4013544773931877, 0.4522836545508029, 0.39696875276378774, 0.392575523683003, 0.38632865785728404, 0.4496769965519004, 0.406675195742038, 0.3930811879958975, 0.3845321852284642, 0.39514428270714624, 0.4342240671614348, 0.39814739561025997, 0.42018975235075445, 0.3969636778540326, 0.4448201558144961, 0.39354166817692565, 0.38046130675324646, 0.39516992406911017, 0.37573646053603166, 0.40122859125038446, 0.3824432887102602, 0.4744838397211743, 0.43642184364905556, 0.38858434413709947, 0.40626832008499153, 0.36492411472967695, 0.3919060816001233, 0.38822422616080754, 0.3856089856080745, 0.379802892388012, 0.44338753469254016, 0.3679413215218601, 0.3671142392650178, 0.3707070689871564, 0.372850106745821, 0.3648494496460884, 0.3994619493385614, 0.4165817137962113, 0.37102739502620036, 0.3707176402279858, 0.37382439805477996, 0.3685512904609953, 0.3850388615499444, 0.368516483133839, 0.36270754719110126, 0.39315295318991356, 0.37047057008276335, 0.36091720058758686, 0.4104784875764825, 0.38437108245725454, 0.35509762518142224, 0.368865355917935, 0.36477154249557153, 0.3873746080607313, 0.4084857055050437, 0.3610416065712678, 0.3679721031320809, 0.36111413649699653, 0.43896549981310623, 0.40047880897324206, 0.3573486236039944]}