{"train_losses": [0.9738789222070149, 0.8173663108324518, 0.6990841830871544, 0.6372351923159191, 0.6025894834679, 0.5793194907660387, 0.5623223504849842, 0.5484736275916197, 0.5363167285615084, 0.5279415407959296, 0.5203758871981076, 0.5178396131615249, 0.513990938055272, 0.5044776429327167, 0.4976609280827094, 0.49249925920549703, 0.4869929661556166, 0.4849384614095396, 0.48027061001986876, 0.4750434867277437, 0.4748813782115372, 0.4730929920867998, 0.47282490575191927, 0.4665193557739258, 0.4660413762440487, 0.4630880866731916, 0.4596224726766956, 0.4533017715629266, 0.4497728473982032, 0.44695692737491766, 0.4463720651609557, 0.44368243643215727, 0.4413436941650449, 0.44103599613418387, 0.4397772389407061, 0.4389937824132491, 0.43760554553294667, 0.4346177594698205, 0.42795966231093113, 0.4259450350488935, 0.42296438512145257, 0.42321034026693327, 0.41995877894211786, 0.41733541468880614, 0.41834920675170667, 0.41690985493514005, 0.41655226310296933, 0.41556709153311594, 0.41608673030016374, 0.41508270739292613, 0.41217406200511114, 0.40900541469454765, 0.4079987663699656, 0.4077700217615585, 0.41014263444409077, 0.4120220947934657, 0.40795789917512815, 0.4034070573291, 0.4025381573913049, 0.4060366469986585, 0.4084956857318781, 0.40445794241160765, 0.40021626636081814, 0.39883832222953136, 0.39714502566018883, 0.3955166964810722, 0.3977217177043156, 0.39832608781907025, 0.39551281655321313, 0.4006463277856914, 0.39898415578871355, 0.40061267313300347, 0.40267827909211723, 0.4018234776294961, 0.3955548667177862, 0.3936285171277669, 0.3931397278698123, 0.39251344453315345], "val_losses": [0.9623753832919257, 0.8901675194501877, 0.8096536866256169, 0.7789667887347085, 0.7399875479085105, 0.7419465141636985, 0.7200184145144054, 0.7116359961884362, 0.6953994908503124, 0.7065490292651313, 0.6929817880902972, 0.7425411066838673, 0.6897944126810346, 0.6655477178948266, 0.6649529784917831, 0.6645508344684329, 0.6594175696372986, 0.6580886138336999, 0.6589509333883014, 0.6554039227110999, 0.6556059547833034, 0.6456902346440724, 0.6580432099955422, 0.6385782020432609, 0.6563907435962132, 0.6264846622943878, 0.651320972612926, 0.6189122072287968, 0.6331720628908702, 0.6103795532669339, 0.6251071308340345, 0.606972262263298, 0.6206878593989781, 0.6138721747057778, 0.6137685009411403, 0.6158150732517242, 0.6084732349429812, 0.6053534661020551, 0.5931469563926969, 0.5993577603782926, 0.5847501329013279, 0.5913381086928504, 0.57770736515522, 0.5772374485220227, 0.5793311170169285, 0.5738603877169746, 0.5820104905537197, 0.5694004275969097, 0.5770820549556187, 0.5611779753650937, 0.5782232348408017, 0.5545230922954423, 0.5685884196843419, 0.5510606329355922, 0.5704974351184708, 0.5592690014413425, 0.5664802044630051, 0.5591847428253719, 0.5582895768540246, 0.5662263280579022, 0.5627502373286656, 0.5549292947564807, 0.5581130300249372, 0.5473612706576075, 0.5572776198387146, 0.5380651972123555, 0.5739147237368992, 0.5369204463703292, 0.5721552467771939, 0.5370814757687705, 0.5646932593413762, 0.5400895710502353, 0.5591021850705147, 0.5416919216513634, 0.5499553297247205, 0.542806225163596, 0.5524036969457354, 0.544718616775104]}