{"train_losses": [0.9142143931882135, 0.5805786138978498, 0.4821808412671089, 0.4025077494824755, 0.3449863373976329, 0.32180744762821445, 0.28953927999426576, 0.2627821598715823, 0.2436881277967116, 0.2338930444856142, 0.2220556533670631, 0.20562527155310945, 0.18928218543015676, 0.19679995256893593, 0.1854464497160295, 0.18368930591206098, 0.16992173199381294, 0.157156673645408, 0.14458776907674198, 0.13259478979583444, 0.12185797059972739, 0.1207393647396359, 0.11197456081622634, 0.1112787546108252, 0.11595488305942252, 0.12497040423853643, 0.11436988583541122, 0.11239045350972948, 0.10164652546418124, 0.0943588875234127, 0.09121012570464919, 0.08962347615381767, 0.08692866130250282, 0.0940678106010731, 0.08417672591669292, 0.08405637357319737, 0.08520149497379517, 0.08043324737006734, 0.08030918335285166, 0.06920937805211749, 0.0907194878873897, 0.07366756706273761, 0.08563456090231394, 0.08609309135775628, 0.08984194345900724, 0.07811563201890938, 0.07192096966800504, 0.07670699365051656, 0.07758158544913449, 0.07063779202771597, 0.06418589175004384, 0.05667865353411641, 0.05025982141398407, 0.04620530165667678, 0.04470200242538904, 0.044131251702342056, 0.04608779954563441, 0.04477429198069048, 0.04905655647724353, 0.047686808429465724, 0.05354322418409946, 0.05062141451695613, 0.058651753107150054, 0.06696646655749144], "val_losses": [0.6884403538703918, 0.5357361805438995, 0.49080042243003846, 0.40154878303408625, 0.3588677452504635, 0.33095605567097663, 0.2988553036749363, 0.28340959787368775, 0.2786391860246658, 0.26053753197193147, 0.23323659159243107, 0.21948426514863967, 0.21845654524862768, 0.1996686764061451, 0.19375655107200146, 0.2121472717821598, 0.2056373630091548, 0.17629129454493522, 0.1615521861985326, 0.14446840837597846, 0.15104532308876514, 0.1392890688404441, 0.14284967694431544, 0.13727174818515778, 0.19665713012218475, 0.15182119160890578, 0.14940868657082318, 0.14036502931267023, 0.1347518552467227, 0.1130803195387125, 0.15217597544193268, 0.11396580930799245, 0.12255587497726082, 0.10412563029676676, 0.11867303820326924, 0.14480768218636514, 0.10702665109187365, 0.08189894810318947, 0.09519246691837907, 0.08592346200719475, 0.10261073634028435, 0.08895614879205822, 0.14148948844522238, 0.10403631787747145, 0.11164047338068485, 0.0836753343231976, 0.08100407093763351, 0.07630281005054712, 0.08580340659245848, 0.14960004698485135, 0.12524137686938047, 0.06570629317313433, 0.06767786669544876, 0.05564998366869986, 0.06253816297277809, 0.05837718303315342, 0.0648128830268979, 0.057512186504900455, 0.08833713987842202, 0.08164744229987264, 0.09853198107331991, 0.19111702613532544, 0.09760590413585306, 0.11132615227252245]}