{"train_losses": [0.9168719780080172, 0.7199336156553152, 0.6185126706045501, 0.5661496293483949, 0.5445209244380191, 0.5283569048862068, 0.5101520247301277, 0.5005038134297546, 0.4883970013078378, 0.4834820678343578, 0.4755018402119072, 0.4759912274929942, 0.4645542091861063, 0.4602629914879799, 0.45711383117096765, 0.45647621322043086, 0.44779153958875306, 0.44288757291375375, 0.440822819057776, 0.4334452225237477, 0.42790158275438817, 0.42423749030852803, 0.4236754448134072, 0.42137063020954324, 0.4170379261581265, 0.41614301822015215, 0.41444236922020816, 0.41532289784173576, 0.41025436145006394, 0.40600347807820963, 0.405148552388561, 0.3991320543751425, 0.3988675890984584, 0.3993083433229096, 0.39667560411046965, 0.3941016899687903, 0.3937283810608241, 0.3873539525939494, 0.38615288235703293, 0.38415054999748055, 0.3837322011133846, 0.38345794508955916, 0.3833695338392744, 0.3846281424012719, 0.3884810654028338, 0.3915403324122332, 0.38818172274195417, 0.37835899132246875, 0.37502232155933674, 0.37100115114328813, 0.37242891145299895, 0.37259480456004335, 0.37015729116237894, 0.3713307542612358, 0.369413928717983, 0.3631506557671391, 0.3598468642757863, 0.36093283011292926, 0.3600947731459627, 0.3631116187542069, 0.3588663449092787, 0.3561807648107714, 0.3562404054160021, 0.35806636481868975, 0.3592227214605224, 0.3607287209252922, 0.3631541025729812, 0.35710400198491254, 0.35373117234938, 0.35120912671697385, 0.3475683863673891, 0.3479668101181789, 0.34340868069201097, 0.3447162819912239, 0.3451788484746096, 0.3616785121967598, 0.36101261009367147, 0.3608942400588065, 0.37502076149899133, 0.35338776893153484, 0.3544869184189913, 0.350633724003422, 0.34551950574529416, 0.34610180571979404, 0.34690046454874834], "val_losses": [0.8878980896302632, 0.7924670087439674, 0.7353559902736119, 0.7185287049838475, 0.7018824986049107, 0.6739716487271445, 0.6748020244496209, 0.6655789528574262, 0.6550196345363345, 0.6490711356912341, 0.6408542586224419, 0.6441029757261276, 0.6426441371440887, 0.6295084399836404, 0.6302768673215594, 0.633638430918966, 0.6287977354867118, 0.6145209414618356, 0.6186668149062565, 0.6027063706091472, 0.6038581941808973, 0.616337280188288, 0.6004235999924796, 0.605915544288499, 0.5796215321336474, 0.6025554005588803, 0.581901912178312, 0.5956564183746066, 0.567930498293468, 0.5840826843466077, 0.5655201822519302, 0.5747336362089429, 0.5550110531704766, 0.5734474243862289, 0.547713673540524, 0.5666926418031965, 0.5439852625131607, 0.5583038436514991, 0.541786324765001, 0.5610324548823493, 0.5323242321610451, 0.5617510314498629, 0.5248893254569599, 0.5741303541830608, 0.529619109417711, 0.5723984156336103, 0.5433800667524338, 0.5736919439264706, 0.5393866279295513, 0.5572242651666913, 0.5409505739808083, 0.5415456241794995, 0.5193526776773589, 0.5397518883858409, 0.5253221318125725, 0.5223656626684325, 0.5100158229470253, 0.525749208671706, 0.5088889013443675, 0.5161693915724754, 0.498020846928869, 0.5062384126441819, 0.4947731803570475, 0.5182207556707519, 0.47975633506264004, 0.528505380664553, 0.4962133403335299, 0.5072226396628788, 0.5181521996855736, 0.4955389584813799, 0.5165901588542121, 0.48810464250189917, 0.502811964069094, 0.497094350201743, 0.505148919565337, 0.5293254948088101, 0.49327479622193743, 0.5098934876067298, 0.5257071065051215, 0.501435215984072, 0.5316180874194417, 0.4897761717438698, 0.511189130800111, 0.49630567857197355, 0.509961082467011]}