{"train_losses": [0.9647873520851136, 0.9503914713859558, 0.9365002036094665, 0.9172098875045777, 0.8899992823600769, 0.8558602094650268, 0.8215082287788391, 0.7987130045890808, 0.7789518237113953, 0.7605287909507752, 0.7455633044242859, 0.7314433336257935, 0.719537329673767, 0.7084492087364197, 0.6971311032772064, 0.6890623211860657, 0.6786372423171997, 0.6700948596000671, 0.6608910858631134, 0.6561761558055877, 0.6496270298957825, 0.6430730760097504, 0.6369003534317017, 0.6315845012664795, 0.6264764547348023, 0.6231032609939575, 0.6195860028266906, 0.6143703937530518, 0.6128682017326355, 0.6072881817817688, 0.6059565484523773, 0.6039280951023102, 0.6004394590854645, 0.5980082929134369, 0.5929144442081451, 0.5905373871326447, 0.5891718566417694, 0.5889461874961853, 0.587482750415802, 0.5862939715385437, 0.5811202347278595, 0.5799636662006378, 0.5789018034934997, 0.5777072012424469, 0.5756868541240692, 0.5699980616569519, 0.5671006381511688, 0.5676676154136657, 0.5666208267211914, 0.5671142518520356, 0.5676839292049408, 0.5628716468811035, 0.5652340352535248, 0.565807831287384, 0.5587845504283905, 0.557343351840973, 0.5536355614662171, 0.5500820934772491, 0.5503483653068543, 0.5492113411426545, 0.5443629682064056, 0.5431076049804687, 0.5427367687225342], "val_losses": [1.0555479526519775, 1.0480080842971802, 1.038800835609436, 1.0267921686172485, 1.0115455389022827, 0.9958108067512512, 0.984808623790741, 0.9744866490364075, 0.9581714272499084, 0.9419524669647217, 0.9310202598571777, 0.9239941239356995, 0.91769939661026, 0.9121191501617432, 0.9065237045288086, 0.9004349112510681, 0.8946605324745178, 0.8897168040275574, 0.8853797912597656, 0.8805176019668579, 0.8746250867843628, 0.8676190376281738, 0.8602780699729919, 0.8540810346603394, 0.8487227559089661, 0.8439262509346008, 0.840888500213623, 0.8371366858482361, 0.8334596157073975, 0.8312210440635681, 0.827017068862915, 0.8273025751113892, 0.8230167627334595, 0.8207272291183472, 0.8204129934310913, 0.8172975778579712, 0.8172171115875244, 0.8143802881240845, 0.8127837777137756, 0.807644784450531, 0.8099403977394104, 0.8078315258026123, 0.8054604530334473, 0.8065300583839417, 0.8034498691558838, 0.8036563396453857, 0.8016518354415894, 0.8008930087089539, 0.7994861602783203, 0.8017358779907227, 0.7988847494125366, 0.8006153702735901, 0.7946633696556091, 0.7983952164649963, 0.795478105545044, 0.7978770136833191, 0.7977747321128845, 0.7959871888160706, 0.7958250641822815, 0.7961382865905762, 0.7964234352111816, 0.7960243821144104, 0.8023614883422852]}