{"train_losses": [0.8996828664527383, 0.699571140283762, 0.6288354904499165, 0.5940509999907294, 0.577385357646055, 0.5519270418688308, 0.5321031041270079, 0.5120568939073141, 0.49855633617140527, 0.4889132775539576, 0.48188239994437193, 0.4764162357463393, 0.48027850444926773, 0.4735311134610065, 0.46923203974269156, 0.4659495979200962, 0.4580510198030361, 0.4517448638067689, 0.44942481417295543, 0.44213321371827013, 0.4406269553095795, 0.4370093860251959, 0.44181296523920327, 0.43897981889719184, 0.4336743502076282, 0.4299411534569984, 0.42345444840747254, 0.4244384370570959, 0.4284336164940235, 0.42406071272007256, 0.4175970800394236, 0.41452293028665144, 0.41120424606772354, 0.4072628142528756, 0.4052210448439731, 0.4070852371149285, 0.4045668455750443, 0.40390826553799386, 0.3978431405023087, 0.40718942239534023, 0.40084257358035374, 0.3980993524540302, 0.4026805046339368, 0.3999387145388958, 0.4000507113198901, 0.3924837994367577, 0.39207226783037186, 0.38551475627477777, 0.3838433328756066, 0.3823211316105931, 0.3809439597088237, 0.3834688557788383, 0.3772237671669139, 0.3802940582120141, 0.3734135736906251, 0.3702073066040527, 0.3675457123060559, 0.3675182775356049, 0.36678355065889134, 0.36948768933152043, 0.3722801466667375, 0.37332643447227254, 0.3651873318608417, 0.36682626293149107, 0.36940337007128915, 0.36156131119229074, 0.3605329865633055, 0.36415588838416474, 0.3671125502780426, 0.36755308595507646, 0.37034401938665745, 0.365891226502352, 0.35660349629646126, 0.3523737859240798, 0.3522971069743467, 0.35110943313947945, 0.3501519285315691, 0.3512012925605441, 0.35413343494021615, 0.35053113778663236, 0.3558301608576331, 0.3535901621677155, 0.35229826839857326, 0.35037394405104394, 0.35094433069922204, 0.35208194304344265, 0.3514727442417034, 0.34906060976344483], "val_losses": [0.7308616028590635, 0.6317796097560362, 0.5958039963787253, 0.5832889459349893, 0.5716018622571771, 0.5563564192165028, 0.5475053638219833, 0.5320344120264053, 0.5251299048011954, 0.5180731022899802, 0.5173265784978867, 0.5114279673858122, 0.5169843624938618, 0.5085162737152793, 0.5093601996248419, 0.5032398091121153, 0.49409832195802167, 0.485995350913568, 0.4849693863229318, 0.47392945330251346, 0.47293283316222107, 0.47364332526922226, 0.47129248218102887, 0.46788076108152216, 0.46268621561202133, 0.4575807526707649, 0.4535850787704641, 0.4592017274011265, 0.4600496116009625, 0.45029783113436267, 0.44400642812252045, 0.44251824576746335, 0.43931088935245166, 0.43672105128114874, 0.4373918121511286, 0.4310858330943368, 0.43362273140387103, 0.4355717551979152, 0.426425191489133, 0.43462070551785553, 0.4268338903784752, 0.4256344044750387, 0.42641823942011053, 0.425224979492751, 0.4283638941970738, 0.4205867756496776, 0.4207614443518899, 0.4138857729055665, 0.4128872183236209, 0.41391202536496247, 0.4111230847510425, 0.4144495962695642, 0.41796756468035956, 0.40984389863230963, 0.40807161751118576, 0.4059076315977357, 0.40589920770038257, 0.4057378376072103, 0.4009714966470545, 0.40511427277868445, 0.40466974811120465, 0.4060124307870865, 0.40179343115199695, 0.4061729311943054, 0.40201311152089725, 0.3979622403329069, 0.39820870553905313, 0.3978481678800149, 0.4049894504926421, 0.39936554025519977, 0.4074847549200058, 0.39642797816883435, 0.39766821332953195, 0.39456922764127905, 0.39644374630667945, 0.3941110528328202, 0.39162368259646674, 0.388103460046378, 0.392714493653991, 0.396881142123179, 0.39911336451768875, 0.3931184241717512, 0.3930025723847476, 0.39018232917243784, 0.39662097800861706, 0.3975575383413922, 0.39724773371761496, 0.3970164548267018]}