{"train_losses": [0.30633739521106085, 0.29425340235233305, 0.2879451389114062, 0.28250339021285376, 0.27920459806919096, 0.2785840020577113, 0.2752203784386317, 0.2753392047683398, 0.2734392041961352, 0.27218536963065465, 0.2719393284122149, 0.2712997833887736, 0.27035481403271355, 0.2692445472876231, 0.27048841218153635, 0.27003551175196966, 0.2686237578590711, 0.26867454369862875, 0.2681715215245883, 0.26732708017031354, 0.2664022468527158, 0.2667273246248563, 0.2658595803380013, 0.26592128574848173, 0.2676774005095164, 0.26674148827791216, 0.26598743836085004, 0.26663990060488385, 0.2651607424020767, 0.26469729135433834], "val_losses": [0.5145812901583585, 0.5153566178950396, 0.5140738771720366, 0.5138316845351999, 0.5133832408623262, 0.5119724165309559, 0.51257831400091, 0.5097463483160193, 0.5114818459207361, 0.5100438784469258, 0.5082277872345664, 0.5094576193527742, 0.5064009238373149, 0.5062228346412833, 0.5052365565841849, 0.5051468394019387, 0.5038659220392053, 0.5037656656720422, 0.5050086758353494, 0.5018793683160435, 0.5016211406751112, 0.5039950473742052, 0.5013531947677786, 0.4995931657877835, 0.49885156886144116, 0.4998350861397656, 0.4991435462778265, 0.49891115589575336, 0.4987059777433222, 0.49757152931256726]}