{
    "train_losses": [
        0.3991550213304059,
        0.16631078063670932,
        0.12094622434641437,
        0.07948754385927286,
        0.07572969871562445,
        0.06371536716369205,
        0.0537712599782423,
        0.07146277718203163,
        0.06657444578327838,
        0.06695237451971604,
        0.0585660999598003,
        0.03456178419827216,
        0.041738247912077385,
        0.033232959542402074,
        0.027773215202614665,
        0.023537621703855264,
        0.03205027942138927,
        0.02576828181058511,
        0.023005680887874257,
        0.017541776065736068,
        0.02456129439410636,
        0.03406292808231438,
        0.02279784417304414,
        0.018243176813890365,
        0.012079266002187613,
        0.025556288127005958,
        0.022427865265515344,
        0.014726412544380231,
        0.018781823392197403,
        0.018910978918081557,
        0.012894119143528842,
        0.01237623246397352,
        0.00820275047451429,
        0.009940407370035162,
        0.010585847801539577,
        0.03144458826904281,
        0.030092876303898192,
        0.019545856016773687,
        0.011654775361155813,
        0.007338915937633693,
        0.011726415050804786,
        0.01877859482199125,
        0.00967960329271382,
        0.009663767002565765,
        0.005861577887928392,
        0.008836188051052091,
        0.03385452587430462,
        0.06551635865143489,
        0.025520092779877542
    ],
    "val_losses": [
        0.30112235915035973,
        0.17216817541949211,
        0.1341065185204629,
        0.10556760616600513,
        0.10209667224497083,
        0.07782421598301059,
        0.11864521274823815,
        0.09142850179435505,
        0.09788496373221278,
        0.11804200106510712,
        0.057282246469009306,
        0.04263214177016409,
        0.0651294284785587,
        0.04346810704878261,
        0.03964876560043664,
        0.030967882428798946,
        0.025197843442701044,
        0.03341291914694011,
        0.02807669833137263,
        0.025716878285992048,
        0.01807748704337545,
        0.026676479276389845,
        0.028305193356749032,
        0.014117422964303725,
        0.012232468223139163,
        0.026566698080709866,
        0.01775329714010079,
        0.016415981778634653,
        0.015621354533058981,
        0.018148048889763173,
        0.017548652138606076,
        0.016083660283907047,
        0.010767112270132788,
        0.015443415116263372,
        0.015499093736927476,
        0.029125197152156505,
        0.03484730355651869,
        0.02439657866113609,
        0.007150408257955625,
        0.013739538192185723,
        0.0162138540087448,
        0.02397297655472592,
        0.010861637069836198,
        0.013234602587838326,
        0.007693327466709419,
        0.017252707422050016,
        0.07127697575056265,
        0.05392013652430427,
        0.019311328508680867
    ]
}