{"train_losses": [0.4017281530303715, 0.17744973266251107, 0.11636304072264207, 0.09093380819903264, 0.10620775290340538, 0.07358834658578567, 0.06535578474744096, 0.053541215037453106, 0.046115806351068635, 0.05083073288086559, 0.03642282756073015, 0.03312361187758971, 0.02518346572076237, 0.04506560240750967, 0.03366449517996971, 0.030657870327609294, 0.054415978043095836, 0.041385128162801266, 0.029201943801139173, 0.030512838025119973, 0.04838214176008937, 0.033839436952636394], "val_losses": [0.16905877530609134, 0.11580351533685823, 0.06887865425538152, 0.1424108357190193, 0.11999877574875058, 0.113051171169921, 0.15302951203032572, 0.047041977751433574, 0.1812381837474105, 0.11561783124083301, 0.03450185345852756, 0.031840212946792006, 0.1400794002864819, 0.11772521018814552, 0.0963546648736365, 0.23778168030173308, 0.09788345491882705, 0.08564057475125443, 0.03744831829211644, 0.21773442321281006, 0.08925975544575585, 0.06678377676160774]}