{"train_losses": [0.9203219535319429, 0.7282282521850184, 0.6331012741123375, 0.5914075364799876, 0.557951674453522, 0.5367737849684138, 0.5157362050131747, 0.4952272335557561, 0.483498018627104, 0.47280811655678245, 0.46617554481092255, 0.4604322726005002, 0.46041694636407654, 0.4468107990136272, 0.44870002352093397, 0.445493777331553, 0.4503373178212266, 0.4385399608627746, 0.42884274905449465, 0.42307502188180623, 0.42224260850956563, 0.42533993270052106, 0.41856707965857104, 0.41308968474990443, 0.4100795370575629, 0.4068182949957095, 0.4122347000398134, 0.41010942898298564, 0.4057921858406381, 0.402391202355686, 0.3950987435681255, 0.3901736245147492, 0.3906879372110492, 0.38596456664565365, 0.38343343236728716, 0.380509334763414, 0.3803265132990323, 0.38310162693654237, 0.3857058982707952, 0.3918929353944565, 0.38258527415363414, 0.3765287916911276, 0.3778472144744898, 0.37114749613561127, 0.3696880275873761, 0.36938273573392316, 0.37083823263253035, 0.3699990041357906, 0.36946755255523483, 0.368747259343141, 0.3658705276290053, 0.36477860945620033, 0.36064531203163297, 0.3613094665894383, 0.3570421444938371, 0.3547360201023127, 0.3550393246114254, 0.35417776790104416, 0.35776566253288794, 0.36593996233453874, 0.36271932113327476, 0.35499654298550204, 0.35031667773268726, 0.34655580101044553, 0.3465988134082995, 0.34554899042766346, 0.34584840053790494, 0.3457665812028082, 0.3456274493548431, 0.34508137238260944, 0.3474623298174457, 0.3486522398889065, 0.3469171956377594, 0.34633625534019974, 0.34675106072896406, 0.3439982198178768, 0.33913884792280824, 0.33711783431078257, 0.3371056574151704, 0.3441312879716095, 0.3441446731357198, 0.33869135722910104, 0.33495420864538145, 0.3341755582705924, 0.3342501467191859, 0.3353343057005029, 0.3328013571077271, 0.3355344481962292, 0.3311608293534894, 0.33118347804013054, 0.33313451364244284, 0.336683758583508, 0.3335036483446234, 0.3326075693690463, 0.33061237407750205, 0.3295143333900916, 0.326925667296899, 0.3267200325468653, 0.32747213238556133, 0.33166803311752646, 0.3295567958174567, 0.3299564624107198, 0.3256921319192962], "val_losses": [0.6848183644540382, 0.6050939397378401, 0.5417368068839564, 0.522012034148881, 0.507651894381552, 0.49274052544073627, 0.47832118155378284, 0.4693358382492354, 0.4747741190773068, 0.4528712169690566, 0.46277385634003265, 0.44536034401619073, 0.45144490175174945, 0.4371824810902278, 0.44555508322788007, 0.4332522266741955, 0.44165594830657495, 0.42551377505967114, 0.4230837329770579, 0.424803661126079, 0.4149142314087261, 0.4276654133290956, 0.4145096341768901, 0.41256510082519415, 0.40880195074009174, 0.3946293059623603, 0.40635140240192413, 0.3915825883547465, 0.4039421131213506, 0.38788139820098877, 0.39071368719592237, 0.3874851943868579, 0.3846555681842746, 0.38839874800407526, 0.38093623383478686, 0.3821101766644102, 0.3851212570161531, 0.37532097281831683, 0.3949041483980237, 0.3754752323482976, 0.3807364449356542, 0.3674528481382312, 0.3819464643796285, 0.3646543667171941, 0.3791296870419473, 0.3664021275260232, 0.38216079636053607, 0.3661869859153574, 0.37518208180413104, 0.37111057115323615, 0.36483386294408277, 0.36600389489621826, 0.3599332711010268, 0.36502585582660907, 0.35577827059861383, 0.3634129979393699, 0.3531275310299613, 0.367641496387395, 0.35525782586950244, 0.37585097912586096, 0.35469681837342004, 0.36313934579040064, 0.3505167608911341, 0.35550991423202283, 0.3498407597794677, 0.35908118838613684, 0.3510634285030943, 0.3561314380530155, 0.3527763955520861, 0.35324437193798297, 0.3503290658647364, 0.35259873713507794, 0.347441010854461, 0.34786998638601013, 0.3526316736683701, 0.3432444695270423, 0.34861233694986865, 0.3408347151496194, 0.34808850378701184, 0.34531071375716815, 0.34391633488915185, 0.3397153936552279, 0.3497787348248742, 0.33922726412614185, 0.34748200981905963, 0.3396605650583903, 0.34018654760086176, 0.338903831261577, 0.33457510715181177, 0.3456475021261157, 0.3349584824208057, 0.34783389577359863, 0.330002176490697, 0.3415313268249685, 0.3342623557105209, 0.3410681720935937, 0.33026653844298737, 0.3415962155118133, 0.3329738667516997, 0.3372648119023352, 0.3317046011939193, 0.3384633922215664, 0.33166681094603107]}