{"train_losses": [1.1917764955553516, 0.5867560043417174, 0.4029798800575322, 0.30486622619731674, 0.24473437371438947, 0.2031125968386387, 0.17478999328510514, 0.1540123765710099, 0.1355060531019137, 0.12236809936063044, 0.11060681939125061, 0.10575357773180666, 0.10458808880427788, 0.09310422979038337, 0.08727430263213043, 0.07850449346005917, 0.07240148373590462, 0.06596164871007204, 0.06224512578598384, 0.05856997330255549, 0.056776763357479, 0.0551503115686877, 0.0538539607077837, 0.053296206775924254, 0.05245761428799095, 0.05185414539200479, 0.04941053743120925, 0.04795120213309239, 0.04582833392738268, 0.044757418655629815, 0.04275015080026511, 0.041499526753764726, 0.039135768945361006, 0.03760976053710128, 0.03498452325383651, 0.03333944099923146, 0.031289731393214955, 0.030403414548471057, 0.02909347490439641, 0.028544530770259684, 0.02796492544163404, 0.02811748903758567, 0.02793791784166262, 0.02798937871281443, 0.027562646500380903, 0.02837460712882979, 0.028288839802402873, 0.030321588563122625, 0.029440195909861862, 0.03143090207193946, 0.03002059833821038, 0.03068738989531994, 0.027670799642158992, 0.026142731886999362, 0.023919589191289812, 0.02206105340657563, 0.0214735712165591, 0.019936048546163685, 0.01991818198966312, 0.01850036668173712, 0.019309786686288386, 0.018275224788371344, 0.019441066414182043, 0.018897013923410196, 0.02171475862570364, 0.02134208464673881, 0.023041404671324737, 0.022705113820346266, 0.02210663514340232, 0.020378576374837552, 0.02065834141304267, 0.018604523100858104, 0.01667658156908021], "val_losses": [0.7347363442182541, 0.48457336306571963, 0.3826979827880859, 0.31310947686433793, 0.277939493060112, 0.24019185751676558, 0.21723836034536362, 0.20097000315785407, 0.1818113559484482, 0.15763160198926926, 0.1486677460372448, 0.14299139648675918, 0.14962704837322235, 0.13448850363492965, 0.12353295251727105, 0.10285924583673477, 0.09094109818339348, 0.08108675874769687, 0.07550272040069103, 0.07494546845555305, 0.07320619091391563, 0.07448753088712692, 0.07200342737138271, 0.0780796006321907, 0.07383037187159061, 0.07414176449179649, 0.06554163165390492, 0.06691160440444946, 0.05865685634315014, 0.0579697647690773, 0.05501069568097591, 0.05088161453604698, 0.05227518364787102, 0.04628194458782673, 0.04619141172617674, 0.040969454869627955, 0.040641341395676135, 0.03751434352248907, 0.036974515840411185, 0.03566369295120239, 0.036350481323897836, 0.035932861641049384, 0.03643972285091877, 0.035435043722391125, 0.03671800181269646, 0.03487487405538559, 0.038254354372620585, 0.03570235587656498, 0.03768230203539133, 0.03502552561461925, 0.036381489038467406, 0.03394558325409889, 0.03235350012779236, 0.03203216161578894, 0.028363923504948617, 0.028545161709189415, 0.025501667596399782, 0.02576738402247429, 0.02366016624495387, 0.024273196626454593, 0.022715818099677564, 0.023909245803952216, 0.021895323619246482, 0.025828296076506375, 0.023785579968243837, 0.02684513198211789, 0.02673695271834731, 0.02418684296309948, 0.025040288064628838, 0.025391248669475317, 0.023313063625246287, 0.022267418466508388, 0.022447652034461498]}