{"train_losses": [0.32007097933387413, 0.3218145677684874, 0.3315398444192133, 0.3419037181614102, 0.3302637359154397, 0.3183480737109979, 0.3117509693771169, 0.309498496785544, 0.3116661556389021, 0.31506241534067236, 0.31372517422921414, 0.3193565610850203, 0.3190906127725822, 0.315518821819105, 0.31094925100172777, 0.31099064594161685, 0.31808736083516176, 0.31776336650701537, 0.306842602033546, 0.3082864400593267, 0.30407545316046564, 0.3099110215038493, 0.313703794464253, 0.3202637523628663, 0.3196018754464129, 0.3160827064319797, 0.30666713794504386, 0.30107071839164995, 0.29705214791971707, 0.3009092944363753, 0.30545749472103256, 0.30758661647205765, 0.3053743908910648, 0.3060635188999383, 0.31084629590960516, 0.3110621308071026, 0.31080344157374423, 0.30263594219434087], "val_losses": [0.3668551470552172, 0.37829603510243553, 0.4015898747103555, 0.3811149345976966, 0.36601989226681847, 0.36237812297684807, 0.3642230617148536, 0.36024038323334284, 0.35981196292809076, 0.3571240804025105, 0.3721279821225575, 0.36618184660162245, 0.3639976910182408, 0.36131866233689447, 0.35799959429672784, 0.37399239710399085, 0.3734861067363194, 0.3522308907338551, 0.3576880199568612, 0.3524969266993659, 0.36253043924059186, 0.36043681204319, 0.3593282231262752, 0.38296879529953004, 0.3656642709459577, 0.3535859193120684, 0.35146179710115705, 0.34584939522402625, 0.3496320141213281, 0.35131947696208954, 0.3509100977863584, 0.353107795545033, 0.353049173951149, 0.3624675103596279, 0.36600137991564613, 0.3547878601721355, 0.3579649759190423, 0.34685133695602416]}