{"train_losses": [0.9627723646791357, 0.9064027431764101, 0.8228312903328946, 0.7495991320986497, 0.7019799947738647, 0.674122879379674, 0.6514899464030015, 0.63611958607247, 0.6230195313692093, 0.6156841304741407, 0.6097931289359143, 0.6141427473018044, 0.5949015821281233, 0.5873943418264389, 0.5828900666613328, 0.574684750092657, 0.5711863189935684, 0.5659956696786379, 0.5660452199609656, 0.5661755808089909, 0.5747419250638861, 0.5542197219635311, 0.5497067429517445, 0.5437393133577547, 0.536810364378126, 0.5360836661175677, 0.5340943203160637, 0.5339197743880121, 0.5316880306130961, 0.5310939942535601, 0.5299718513300544, 0.5270201022687712, 0.5243301250432667, 0.5245312852294821, 0.5254162400960922, 0.5252316578438407, 0.522051992385011, 0.5168474693047372, 0.5105482465342471, 0.5121721593957198, 0.5044706189318707, 0.5098207483166143, 0.5078350054590326, 0.5072800062204662, 0.5018183588981628, 0.4996376814026582, 0.49884536313383204, 0.5020123367246828, 0.5038509949257499, 0.49786870887404994, 0.48981316309226186, 0.48470158090716914, 0.4836866141934144, 0.482417388966209, 0.4849065793187995, 0.48255239348662526, 0.4812130073183461, 0.47994165593071986, 0.47800886631011963, 0.47223656271633346, 0.46815479978134755, 0.4645531240262483, 0.4631110068998839, 0.4649557479118046, 0.466341296308919, 0.46335645568998235, 0.46280306420828166, 0.4691545673106846, 0.4700207184804113, 0.4599738544539401, 0.4526242402039076, 0.4520332460340701, 0.4499231945527227, 0.4510634917961924, 0.45193872404725927, 0.4522509543519271, 0.45217561486520264, 0.4446709336418855, 0.44332055041664525, 0.4450940850533937, 0.4454887940695411, 0.4483191982695931, 0.4501706918603496, 0.45072453743533086, 0.44812397109834773, 0.4358262694195697, 0.42920374007601486, 0.42616208054517446, 0.42828708965527384, 0.4269541815707558, 0.42670344600552007, 0.42709946946093913, 0.42575077477254364, 0.4279976934194565, 0.4284078768993679, 0.4356471104057212, 0.4275465584114978, 0.4261455347663478, 0.4282011287777047, 0.425928090748034, 0.4207945575839595, 0.41781386889909444, 0.42046488743079335, 0.42283335563383606, 0.4219223354992114, 0.4161678168334459, 0.418154743156935, 0.4115261192384519, 0.40979145937844325, 0.4093155484450491, 0.41170654798808853, 0.421897659960546, 0.42207965019502136, 0.41544071859435033, 0.4149709265483053, 0.4160028147070031, 0.40942800750857905, 0.4128542777739073, 0.41355831450537633], "val_losses": [1.2261378765106201, 1.1513201519846916, 1.0793582573533058, 1.0293730609118938, 1.0062933601439, 0.9855066314339638, 0.9706122800707817, 0.9569171071052551, 0.9474151246249676, 0.9388174749910831, 0.9368712157011032, 0.9256951883435249, 0.9241597205400467, 0.9099944606423378, 0.9069587774574757, 0.8989021517336369, 0.8919928707182407, 0.8899385929107666, 0.8836016543209553, 0.8853283822536469, 0.8836484327912331, 0.8747056052088737, 0.8686279207468033, 0.8586198277771473, 0.8567093871533871, 0.8531883060932159, 0.8530546203255653, 0.8500904887914658, 0.8480357751250267, 0.8431209586560726, 0.845729760825634, 0.8389117941260338, 0.8408786505460739, 0.8405679874122143, 0.8451889418065548, 0.8384512066841125, 0.837492510676384, 0.8283292762935162, 0.8298203833401203, 0.8263448663055897, 0.8261365033686161, 0.8280688188970089, 0.8332646116614342, 0.825999092310667, 0.8291963152587414, 0.8217204846441746, 0.8193204589188099, 0.8267880380153656, 0.8236570432782173, 0.8188355639576912, 0.8159592822194099, 0.8136299289762974, 0.8095724694430828, 0.8144575133919716, 0.8139954321086407, 0.8145845457911491, 0.8120928220450878, 0.8106244914233685, 0.8073518313467503, 0.8074895218014717, 0.8037296496331692, 0.806121788918972, 0.8063524961471558, 0.8051983900368214, 0.8012770116329193, 0.8047880716621876, 0.8264739662408829, 0.8070516213774681, 0.8083519861102104, 0.7952636033296585, 0.7963005490601063, 0.7972589060664177, 0.7946621142327785, 0.8012249954044819, 0.8031048364937305, 0.7926104106009007, 0.7914554849267006, 0.8033405058085918, 0.7892739661037922, 0.7893472835421562, 0.7985378801822662, 0.7852227091789246, 0.799795888364315, 0.7980552203953266, 0.7821202240884304, 0.7806243598461151, 0.7856428511440754, 0.777781005948782, 0.7818352170288563, 0.7800355926156044, 0.7756283767521381, 0.7861680053174496, 0.7804250381886959, 0.7862446457147598, 0.7890832647681236, 0.7740823812782764, 0.7816125191748142, 0.7929011657834053, 0.781881220638752, 0.7799062058329582, 0.780462522059679, 0.7772096544504166, 0.7846660241484642, 0.78011754155159, 0.7729450613260269, 0.7745615802705288, 0.7782453373074532, 0.7741607539355755, 0.7694637663662434, 0.7701107859611511, 0.8002044409513474, 0.7745925523340702, 0.7758004516363144, 0.7814687006175518, 0.7783821821212769, 0.7741576358675957, 0.7803752534091473, 0.7723678015172482, 0.783518873155117]}