{"train_losses": [2.36690181016922, 0.9169490015506745, 0.6178361594676971, 0.47203914165496824, 0.3827927315235138, 0.3189492863416672, 0.2744694185256958, 0.23869869738817215, 0.21004102915525436, 0.18904050976037978, 0.16975827425718307, 0.1558084359765053, 0.1427480870485306, 0.13202708542346955, 0.12226062417030334, 0.11429141491651534, 0.10767089173197747, 0.10156823694705963, 0.09679667592048645, 0.09285982549190522, 0.0881348218023777, 0.08494161456823349, 0.08156426444649696, 0.07959141209721565, 0.07827699854969979, 0.07744489938020706, 0.07559206932783127, 0.07220803067088127, 0.06844532757997512, 0.06486223831772804, 0.06148652195930481, 0.05872887641191483, 0.05618581973016262, 0.05422255553305149, 0.052257607579231265, 0.05090304456651211, 0.04900016337633133, 0.04839152447879314, 0.04657409183681011, 0.04596600845456123, 0.0443974394351244, 0.04420123673975468, 0.042990769892930984, 0.04316444210708141, 0.04229818172752857, 0.04335419863462448, 0.04465033374726772, 0.047736646831035616, 0.05053844384849072, 0.0531326062232256, 0.04996641993522644, 0.0463346416503191], "val_losses": [1.1491570093415, 0.7802294005047191, 0.6003231081095609, 0.48628567294640973, 0.41329323839057575, 0.3531726341355931, 0.3132980479435487, 0.27589456737041473, 0.2543604787100445, 0.22571473975073209, 0.20790605585683475, 0.18968037177215924, 0.1776127117601308, 0.16320240633054214, 0.15172290260141547, 0.14391254565932535, 0.13617377863688904, 0.12893116745081815, 0.1254503069953485, 0.11716256392273036, 0.1143050105734305, 0.11057411472905766, 0.1091815135018392, 0.10953920402310112, 0.10972298478538339, 0.10586571795019237, 0.10310679098421877, 0.09088795699856499, 0.08899574523622339, 0.08011518317190083, 0.07942350852218541, 0.07365956631573764, 0.07349933616139671, 0.068490823561495, 0.06917979703708128, 0.06482931853018024, 0.06585195186463269, 0.06281757727265358, 0.06298753399063241, 0.05999686890705065, 0.06213104640218345, 0.05983367596160282, 0.06199285625056787, 0.06070887585255233, 0.06469725749709389, 0.06999856419861317, 0.0800135296515443, 0.09001560746268793, 0.09808090193705125, 0.09413804571059617, 0.07888894426551732, 0.0677247399633581]}