{"train_losses": [0.8363462447142992, 0.4658380231407822, 0.32176115937897415, 0.2495004153642498, 0.20379593180584127, 0.17769607748897348, 0.1509642218102197, 0.1371661199287313, 0.11525729869599224, 0.09810299478226998, 0.08888296789077461, 0.07866471767669818, 0.08262670079826331, 0.08335183976126499, 0.07287867046648362, 0.06143029244830374, 0.058211247619913246, 0.060408361133981923, 0.06400421455685722, 0.0543525656837909, 0.05138308093806759, 0.044869770311185574, 0.04036990809636038, 0.03560248718093165, 0.03085483657196164, 0.028102739240790976, 0.02454461597028326, 0.02398220083264054, 0.02379909073017904, 0.02416508599779889, 0.02144450928679988, 0.02177410028477917, 0.0238444592315154, 0.021047482373895216, 0.018334913052252082, 0.017731000707469514, 0.015991458921219972, 0.01512844130763265, 0.0156006076808286, 0.016034401479925287, 0.01538178167443295, 0.015111007758217757, 0.015535940973424032, 0.013290366207509011, 0.01182365157549865, 0.011304946410179626, 0.012131474908349699, 0.012964815821223816, 0.012423154676607887, 0.011503500486037037, 0.010451452100466265, 0.010850780460311741, 0.010943593938270064, 0.010211877688979272, 0.010647658907548815, 0.010189011372381547, 0.010631272031116436, 0.009040184666356836, 0.010279458958930413, 0.01003210972918228, 0.0085449446733186, 0.00819762772498805, 0.007959531498004178, 0.006307750222746466, 0.00702544165294251, 0.007011770392905493, 0.00648732883397673, 0.007279073180188043, 0.00649815709826338, 0.006646770588885687, 0.006067557428337512, 0.006488742259117301, 0.006486278767773851, 0.006184741623745468, 0.0058127727748856686, 0.0051808512586428495, 0.004404341109234412, 0.00451507013420895, 0.005319103980284246, 0.004868126117441132, 0.005855396025447694, 0.006956551353767758, 0.007142958948846723, 0.007330722744256014, 0.006121487931165173, 0.00498511701379521, 0.004427299920668001], "val_losses": [0.4624371597400078, 0.2716867597057269, 0.1938705942951716, 0.1532302349805832, 0.12774929576195204, 0.10520429336107694, 0.08625711257068011, 0.07322449093827835, 0.05494992463634564, 0.051313408793738254, 0.03780804022860069, 0.03457000951927442, 0.0440468592569232, 0.049711477011442184, 0.035075271143936194, 0.029027861113158557, 0.02813113437822232, 0.029589608275833037, 0.033722273289011076, 0.025500565373267118, 0.024232370778918266, 0.020974220994573373, 0.02119602309539914, 0.016769425245001912, 0.016335147343432672, 0.012536135645439992, 0.0117635009273027, 0.010799668765125366, 0.012282246240199758, 0.01086101009367177, 0.010560244760619333, 0.010604152527566139, 0.010992608230131177, 0.012317745409046229, 0.01041812732672462, 0.010786237177224113, 0.007733896589623048, 0.009076032483090576, 0.009167560895618338, 0.010214636711260447, 0.007656606532131823, 0.009319453733041883, 0.008259350201115012, 0.007681150437117769, 0.006178583546828192, 0.007429742711023069, 0.007039643116653538, 0.00756955284696932, 0.007883773704704184, 0.0072193857497320725, 0.00659654106801519, 0.006176510825753212, 0.005489254477792061, 0.008162888716189908, 0.006772965112199577, 0.0062464407304874976, 0.006208880222402513, 0.005008465780590016, 0.00711898931946892, 0.006034066793150627, 0.005687138074650788, 0.0053617081497437675, 0.00476286151052381, 0.004206327775206704, 0.004751575752519644, 0.004475633004823556, 0.004104101654285422, 0.00456255064972748, 0.00438144569321034, 0.0035658245727133294, 0.004486275912943081, 0.004605433240962716, 0.004269939587594798, 0.003819333559546906, 0.004604488261975348, 0.003265533927613153, 0.002772019902924792, 0.003375474197897487, 0.004015480033838405, 0.002793036741562761, 0.004279310277734811, 0.004447316598648636, 0.005511289874378305, 0.0037602428525972823, 0.003749454358162788, 0.004003631918189617, 0.0032367832116925945]}