{"train_losses": [0.9159690323522536, 0.7352759772438114, 0.6731412865347781, 0.6353685280023995, 0.6075198261414544, 0.5877042927984464, 0.5774275812052064, 0.5636379415706053, 0.5609567680601346, 0.5553231729289233, 0.5474134163331177, 0.5356865191863756, 0.5314976295172158, 0.5261703264915337, 0.5203415718624147, 0.5267476813267853, 0.5178256928920746, 0.5043407671027265, 0.4993929448774305, 0.4948423128511946, 0.4879760239589012, 0.4837809722807448, 0.4825348664643401, 0.47960916515124047, 0.4768268673096673, 0.4776463839462248, 0.4815699026241141, 0.47169739816148404, 0.46477859075796807, 0.4659156167911271, 0.4593633888131481, 0.45864755470873947, 0.45109499435303574, 0.44575342434947773, 0.4462188421669653, 0.45129392308703925, 0.45279059824296986, 0.44760695882772994, 0.444709795258813, 0.4408145647937969, 0.4407664550057912, 0.4384414801153086, 0.4355581837185359, 0.43461238883309444, 0.4356317760075553, 0.43224265211719576, 0.42986068861969445, 0.42594341529627977, 0.4258508609007981, 0.4231488944615348, 0.4256367973857007, 0.4231128318835113, 0.4248574977203951, 0.42200899907087874, 0.41957239781395866, 0.42580444277343105, 0.4301254064854929, 0.4150659856149706, 0.4105627607491057, 0.4119779669632346, 0.41316514853703773, 0.41281213346174206, 0.4082715188042592, 0.4103213285995742, 0.4123926031387458, 0.40853190901926006, 0.40526443820888713, 0.4031331130003525, 0.4056660267761198, 0.40735438137741414, 0.3999695318230128, 0.39781401647349535, 0.39605420979402833, 0.3944486710479704, 0.39442501381292183, 0.3944263003640256, 0.3978989932496669, 0.395643464336961, 0.3993804535623324, 0.3941019720445245, 0.3906919786990699, 0.39002258722054756, 0.39254346792980777, 0.39301842148021116], "val_losses": [0.7676616551784369, 0.6495624643105727, 0.5960417859829389, 0.5552036555913779, 0.5296912170373477, 0.5071509021979111, 0.489645066169592, 0.4770426910657149, 0.4664804476958055, 0.45491674083929795, 0.446966222845591, 0.44253149972512174, 0.4285973287545718, 0.4271636364551691, 0.4218018582234016, 0.4230533494399144, 0.4149418989053139, 0.4020654157950328, 0.3971083565400197, 0.39213497592852664, 0.38789426592680126, 0.3879712361555833, 0.3764650088090163, 0.3835056045880684, 0.37264289592321104, 0.3798908362021813, 0.375056918997031, 0.3661993254835789, 0.3670348972082138, 0.365891239964045, 0.35759562196639866, 0.3612491987072505, 0.3531906180656873, 0.35607653053907246, 0.3497094741234413, 0.3606423747081023, 0.35062386152835995, 0.3502786446076173, 0.34675856679677963, 0.34646250995305866, 0.3431507022334979, 0.34158769192603916, 0.33884392564113325, 0.33935923931690365, 0.3379952139579333, 0.33785805335411656, 0.3334580430617699, 0.3336394899166547, 0.33346550223919064, 0.33279066246289474, 0.3348086080872096, 0.330624309869913, 0.3318614759124242, 0.328935437477552, 0.3310974670144228, 0.32714610202954364, 0.33418109726447326, 0.3214820560354453, 0.3239241517507113, 0.32253302003328616, 0.32296509467638457, 0.3215301512525632, 0.31994953751564026, 0.323400426369447, 0.3253632497328978, 0.3202588867682677, 0.3203785092784808, 0.31539735484581727, 0.316794349023929, 0.3178103548976091, 0.31590137688013226, 0.31082149136524934, 0.31036567057554537, 0.30703994975640225, 0.31034831072275454, 0.30850502332815755, 0.3118035707336206, 0.3134332201801814, 0.307608809035558, 0.30911636581787694, 0.3093438005218139, 0.3092076703906059, 0.3089165108708235, 0.31727368843096954]}