{
    "CE": {
        "mean": [
            29.429008064055314,
            0.015786734192098528,
            29.406436101825662,
            29.45122767920917,
            0.044791577383503305,
            1.0073741109863281,
            0.09594693333679687,
            1.4935922897681162,
            0.7150817461809978,
            0.013342475929259164,
            0.2331270426012691,
            0.010316770686133066,
            0.25311706099825715,
            0.21404169172309356,
            0.03907536927516352,
            1.0921200200672403e-05,
            0.41250249992857346,
            0.011346141562407493,
            0.24966438134188657,
            0.012062707880297714,
            -0.006087940479399861,
            38.59392488259993,
            120.44997091490872,
            -127.9549886909443,
            248.40495960585304,
            85.83501561621004,
            58.72954482584364,
            0.6146876865667269,
            0.1742245782216052,
            0.29539378886945483,
            0.11715213435209108,
            88.19422888328991,
            0.0035912958773519753,
            0.8336084468371965,
            0.06989292285376307,
            0.046090499774716714,
            43.04608517975816,
            88.06897707454203,
            0.6464008725916225,
            87.15783191787482,
            88.9818140745189,
            1.8239821566440766,
            1.3682118813677402
        ],
        "std": [
            1.8662758107300192,
            0.042489591043834075,
            1.8676239988616685,
            1.866484609761083,
            0.11492620048871272,
            0.049907452935618,
            0.09767684311871047,
            0.5175654868998514,
            0.22347568083627292,
            0.11498683946323547,
            0.7906524336147851,
            0.044322977778502366,
            0.8524551648632624,
            0.7270284328938423,
            0.15968352567891245,
            0.011101027500330976,
            0.7983248337439602,
            0.056880397021600804,
            0.5345607372435054,
            0.07030969309048997,
            1.8458472235893904,
            52.505948203818036,
            172.7951438520984,
            190.73275255992016,
            355.998152783045,
            114.02529884058164,
            88.35200556601347,
            0.07524724187833016,
            0.04738245669095846,
            0.043670387301915733,
            0.027710136032509883,
            13.745425229990216,
            0.012126236801433762,
            0.1724214591531509,
            0.04801922793083651,
            0.02926273261600362,
            35.57696858260065,
            18.94931230523039,
            0.6372391894429158,
            18.655117051194466,
            19.244165956923478,
            1.7498884023803942,
            0.2993738372969902
        ],
        "features": [
            "temp_mean",
            "temp_std",
            "temp_min",
            "temp_max",
            "temp_range",
            "acc_magnitude_mean",
            "acc_magnitude_std",
            "acc_magnitude_max",
            "acc_magnitude_min",
            "acc_activity_level",
            "eda_mean",
            "eda_std",
            "eda_max",
            "eda_min",
            "eda_range",
            "eda_slope",
            "num_scr_peaks",
            "mean_scr_amplitude",
            "mean_scr_peak_width",
            "mean_scr_area",
            "bvp_mean",
            "bvp_std",
            "bvp_max",
            "bvp_min",
            "bvp_range",
            "bvp_systolic_amp_mean",
            "bvp_systolic_amp_std",
            "bvp_pulse_width_mean",
            "bvp_pulse_width_std",
            "bvp_rise_time_mean",
            "bvp_rise_time_std",
            "bvp_pulse_rate",
            "eda_acc_ratio",
            "hrv_mean_ibi",
            "hrv_rmssd",
            "hrv_sdnn",
            "hrv_pnn50",
            "hr_mean",
            "hr_std",
            "hr_min",
            "hr_max",
            "hr_range",
            "hr_acc_ratio"
        ]
    }
}