{
    "15": {
        "mean": [
            32.730889010343134,
            0.03409294705788812,
            1.0261497649801745,
            0.11348853958168752,
            0.6790283995673884,
            0.010623013627062562,
            2.5849178124163505,
            0.1445701539741015,
            0.00016677413034023506,
            1.853106360747094,
            0.1415446716669624,
            0.8833544854388187,
            0.18245709112626446,
            -0.011018875711296044,
            238.95386244371772,
            168.99706305204708,
            0.6210036330658063,
            0.1712481028472619,
            0.2991649789874964,
            0.11863093113558279,
            87.44634796354688,
            0.03911104420101896,
            86.3509867306914,
            0.5573873439014151,
            1.3163178055368217,
            0.6988808567787266,
            0.05321955712501572,
            0.03350633772487124,
            27.718821889754047
        ],
        "std": [
            1.4793922911689248,
            0.05588947422665368,
            0.042284116670316584,
            0.09516783096285834,
            0.22491957086131004,
            0.1025213285561005,
            4.10308126198465,
            0.269740989915429,
            0.08348715634089841,
            1.2867783568889999,
            0.2527677809210499,
            0.6508083496648571,
            0.4227248739077641,
            3.772335895163335,
            157.9191617109946,
            130.33965402210953,
            0.05339695134253625,
            0.04466522687437771,
            0.04286867211556053,
            0.022675950685979673,
            9.987279123873249,
            0.06187638954866235,
            12.077366336598322,
            0.5516568355974102,
            0.1868801647741935,
            0.07809415508392607,
            0.04578524982445708,
            0.02553610158277523,
            35.1762035759663
        ],
        "features": [
            "temp_mean",
            "temp_std",
            "acc_magnitude_mean",
            "acc_magnitude_std",
            "acc_magnitude_min",
            "acc_activity_level",
            "eda_mean",
            "eda_std",
            "eda_slope",
            "num_scr_peaks",
            "mean_scr_amplitude",
            "mean_scr_peak_width",
            "mean_scr_area",
            "bvp_mean",
            "bvp_systolic_amp_mean",
            "bvp_systolic_amp_std",
            "bvp_pulse_width_mean",
            "bvp_pulse_width_std",
            "bvp_rise_time_mean",
            "bvp_rise_time_std",
            "bvp_pulse_rate",
            "eda_acc_ratio",
            "hr_mean",
            "hr_std",
            "hr_acc_ratio",
            "hrv_mean_ibi",
            "hrv_rmssd",
            "hrv_sdnn",
            "hrv_pnn50"
        ]
    }
}