{
    "5C": {
        "mean": [
            94.58481518799799,
            0.6468536251141483,
            93.63803561906795,
            95.53165031459956,
            1.8936146955316198,
            32.129896899650866,
            0.014951755045848426,
            32.10765646657426,
            32.151940505384374,
            0.04428403881010767,
            1.1444168753694468,
            0.09167534520504818,
            1.6229473262720149,
            0.8428763961120693,
            0.24688133063226356,
            1.4089457941295027,
            0.06358799477564651,
            1.5153281588122403,
            1.265846109606568,
            0.2494820492056722,
            -9.800745545313713e-05,
            1.7121761381810428,
            0.06688687726295094,
            0.8700078899918441,
            0.09500951640052485,
            0.014031979717584051,
            60.6390672380501,
            189.74134018741333,
            -200.87009776126712,
            390.6114379486804,
            143.86168878264908,
            77.67641465184002,
            0.5991088099039872,
            0.1405480610718703,
            0.2571540602113373,
            0.0957537383025996,
            93.18375102134713,
            0.01749907808092902,
            1.3772614271292274,
            0.6395098606677093,
            0.043182030908126605,
            0.03336619052652719,
            20.17359044475373
        ],
        "std": [
            13.967475979229055,
            0.6730608537135623,
            13.831354600562587,
            14.118204128966322,
            1.9441369067683567,
            3.997891041109105,
            0.041874759144977645,
            3.9996999379527796,
            3.996364265507375,
            0.10645622678357469,
            0.3755495456863298,
            0.0835380563592216,
            0.5001358973463478,
            0.5179859303378813,
            0.6558325698255405,
            2.725470258140243,
            0.13870949542135147,
            2.854687925402427,
            2.6427539115295975,
            0.49834287721154386,
            0.03172143484306853,
            1.5824623792855903,
            0.14423344909331146,
            0.8166662480267669,
            0.2531328681905879,
            2.0181838260597877,
            59.87896138795307,
            207.42442614285122,
            229.0569117045122,
            426.08881795073546,
            136.76101249222265,
            95.66814201019072,
            0.048324088762321304,
            0.0579117252311519,
            0.0505730307978136,
            0.04188351513800297,
            10.392832560047426,
            0.027128748673639645,
            0.33452425186497364,
            0.07874353596605592,
            0.03675374484033512,
            0.023024725651696804,
            29.445004502743416
        ],
        "features": [
            "hr_mean",
            "hr_std",
            "hr_min",
            "hr_max",
            "hr_range",
            "temp_mean",
            "temp_std",
            "temp_min",
            "temp_max",
            "temp_range",
            "acc_magnitude_mean",
            "acc_magnitude_std",
            "acc_magnitude_max",
            "acc_magnitude_min",
            "acc_activity_level",
            "eda_mean",
            "eda_std",
            "eda_max",
            "eda_min",
            "eda_range",
            "eda_slope",
            "num_scr_peaks",
            "mean_scr_amplitude",
            "mean_scr_peak_width",
            "mean_scr_area",
            "bvp_mean",
            "bvp_std",
            "bvp_max",
            "bvp_min",
            "bvp_range",
            "bvp_systolic_amp_mean",
            "bvp_systolic_amp_std",
            "bvp_pulse_width_mean",
            "bvp_pulse_width_std",
            "bvp_rise_time_mean",
            "bvp_rise_time_std",
            "bvp_pulse_rate",
            "eda_acc_ratio",
            "hr_acc_ratio",
            "hrv_mean_ibi",
            "hrv_rmssd",
            "hrv_sdnn",
            "hrv_pnn50"
        ]
    },
    "6B": {
        "mean": [
            29.07013456295083,
            0.022905168613389763,
            29.03327732753508,
            29.104075904328923,
            0.07079857679383274,
            1.013304132740697,
            0.10758247243488013,
            1.6161445701522454,
            0.6725266471182046,
            0.010770750988142293,
            0.6292738065224553,
            0.05006371377148521,
            0.710849640909091,
            0.5192923867588933,
            0.1915572541501976,
            2.4019557412990404e-05,
            1.5360671936758894,
            0.05564441495711316,
            0.8041574812360266,
            0.07795120843139004,
            -0.002855668287293896,
            77.98169596598377,
            272.5316894087806,
            -283.51121520555125,
            556.0429046143317,
            168.92115228643118,
            124.48756573147332,
            0.6009709549014068,
            0.16796425948616844,
            0.2839053956101332,
            0.11723161170596347,
            90.4736163556123,
            0.009733323555192911,
            91.47394567105988,
            0.789345885494002,
            90.32034608919213,
            92.63213388707604,
            2.3117877978839116,
            1.4125197428988905,
            0.656748289366385,
            0.04981350086421903,
            0.03278261381607164,
            25.224811560911572
        ],
        "std": [
            2.156940009027933,
            0.044442566522695015,
            2.1535352235477556,
            2.1619001794841775,
            0.13728136985113673,
            0.048528394182244146,
            0.09848122914494709,
            0.5682153293299509,
            0.236939724936875,
            0.10417985815108945,
            0.7134436831820272,
            0.1088350162739996,
            0.7891454573306697,
            0.6272532410802384,
            0.37832761231315826,
            0.020480168057879666,
            1.47029201856453,
            0.132491957783374,
            0.7967639815729961,
            0.23125035479236222,
            2.6784942276444688,
            78.19249488221222,
            293.6085497961211,
            306.7323787760261,
            585.2927732383594,
            168.28565612051946,
            130.65055706239428,
            0.05146917190017463,
            0.0445131008278579,
            0.042636195215549615,
            0.02562248590942727,
            11.004766531525112,
            0.011072551307978946,
            15.504436806269567,
            0.8221593743622497,
            15.229255322596812,
            15.805203300800022,
            2.372718730259588,
            0.24247125066769368,
            0.08754775829145059,
            0.04401752854643883,
            0.025124560279266427,
            34.358186022240346
        ],