{
    "BG": {
        "mean": [
            88.93261389076703,
            0.6944942047013402,
            87.92090196078432,
            89.94362947937795,
            2.0227275185936446,
            31.19620493934374,
            0.0222907869399015,
            31.161115163796016,
            31.22915704154002,
            0.06804187774400539,
            1.0170560581025014,
            0.06191519383340404,
            1.3190623450259087,
            0.8205075217609094,
            0.01531610552594292,
            0.6713936887073386,
            0.03328354843338588,
            0.7366506322785238,
            0.6125838490655151,
            0.12406678321300851,
            8.92240593441096e-05,
            1.074488900883881,
            0.03494571325650594,
            0.5088609304936738,
            0.04422870336959052,
            0.017773672158478866,
            63.350855452258266,
            207.63900299406723,
            -225.0431415680742,
            432.6821445621414,
            138.17501272264496,
            95.34025197883754,
            0.6340702461668525,
            0.14905137922493727,
            0.29065123150124905,
            0.10390793577119382,
            86.45766734985534,
            0.010375846830612089,
            1.3675366345745286,
            0.7231039428862707,
            0.051198744881041536,
            0.035618871587226424,
            26.11097786933589
        ],
        "std": [
            17.931986713261463,
            0.9356108768551858,
            17.692872436214078,
            18.213877194059936,
            2.5949923398520323,
            3.315254153170007,
            0.04325669939455684,
            3.312768713654065,
            3.317823676791082,
            0.1291539546066225,
            0.0430471604147736,
            0.08342108510907095,
            0.399484460940027,
            0.1927464204744796,
            0.12281099333548819,
            1.860599551456537,
            0.12374475678319077,
            1.9745569857829208,
            1.7571195632356387,
            0.4243017484099494,
            0.03324989750136409,
            1.355544525926579,
            0.1170641137790274,
            0.66582892859302,
            0.2018643077902234,
            2.2537689504531633,
            71.87830014211099,
            268.4154064315594,
            287.65212337141526,
            543.6792965167156,
            150.50746897888243,
            126.24344357236629,
            0.0690699967817291,
            0.05689020202207815,
            0.04083382768425756,
            0.035445557084636065,
            12.916087007745439,
            0.028943375340203286,
            0.2785025556362195,
            0.09077941459924761,
            0.03689001809814478,
            0.021220375197335568,
            29.371709044491503
        ],
        "features": [
            "hr_mean",
            "hr_std",
            "hr_min",
            "hr_max",
            "hr_range",
            "temp_mean",
            "temp_std",
            "temp_min",
            "temp_max",
            "temp_range",
            "acc_magnitude_mean",
            "acc_magnitude_std",
            "acc_magnitude_max",
            "acc_magnitude_min",
            "acc_activity_level",
            "eda_mean",
            "eda_std",
            "eda_max",
            "eda_min",
            "eda_range",
            "eda_slope",
            "num_scr_peaks",
            "mean_scr_amplitude",
            "mean_scr_peak_width",
            "mean_scr_area",
            "bvp_mean",
            "bvp_std",
            "bvp_max",
            "bvp_min",
            "bvp_range",
            "bvp_systolic_amp_mean",
            "bvp_systolic_amp_std",
            "bvp_pulse_width_mean",
            "bvp_pulse_width_std",
            "bvp_rise_time_mean",
            "bvp_rise_time_std",
            "bvp_pulse_rate",
            "eda_acc_ratio",
            "hr_acc_ratio",
            "hrv_mean_ibi",
            "hrv_rmssd",
            "hrv_sdnn",
            "hrv_pnn50"
        ]
    },
    "5C": {
        "mean": [
            94.58481518799799,
            0.6468536251141483,
            93.63803561906795,
            95.53165031459956,
            1.8936146955316198,
            32.129896899650866,
            0.014951755045848426,
            32.10765646657426,
            32.151940505384374,
            0.04428403881010767,
            1.1444168753694468,
            0.09167534520504818,
            1.6229473262720149,
            0.8428763961120693,
            0.24688133063226356,
            1.4089457941295027,
            0.06358799477564651,
            1.5153281588122403,
            1.265846109606568,
            0.2494820492056722,
            -9.800745545313713e-05,
            1.7121761381810428,
            0.06688687726295094,
            0.8700078899918441,
            0.09500951640052485,
            0.014031979717584051,
            60.6390672380501,
            189.74134018741333,
            -200.87009776126712,
            390.6114379486804,
            143.86168878264908,
            77.67641465184002,
            0.5991088099039872,
            0.1405480610718703,
            0.2571540602113373,
            0.0957537383025996,
            93.18375102134713,
            0.01749907808092902,
            1.3772614271292274,
            0.6395098606677093,
            0.043182030908126605,
            0.03336619052652719,
            20.17359044475373
        ],
        "std": [
            13.967475979229055,
            0.6730608537135623,
            13.831354600562587,
            14.118204128966322,
            1.9441369067683567,
            3.997891041109105,
            0.041874759144977645,
            3.9996999379527796,
            3.996364265507375,
            0.10645622678357469,
            0.3755495456863298,
            0.0835380563592216,
            0.5001358973463478,
            0.5179859303378813,
            0.6558325698255405,
            2.725470258140243,
            0.13870949542135147,
            2.854687925402427,
            2.6427539115295975,
            0.49834287721154386,
            0.03172143484306853,
            1.5824623792855903,
            0.14423344909331146,
            0.8166662480267669,
            0.2531328681905879,
            2.0181838260597877,
            59.87896138795307,
            207.42442614285122,
            229.0569117045122,
            426.08881795073546,
            136.76101249222265,
            95.66814201019072,
            0.048324088762321304,
            0.0579117252311519,
            0.0505730307978136,
            0.04188351513800297,
            10.392832560047426,
            0.027128748673639645,
            0.33452425186497364,
            0.07874353596605592,
            0.03675374484033512,
            0.023024725651696804,
            29.445004502743416
        ],