{
    "BG": {
        "mean": [
            88.2484428328733,
            0.6576834144938913,
            87.29067457781834,
            89.20555317206755,
            1.9148785942492015,
            32.00905501862517,
            0.024045798819533216,
            31.971401860634806,
            32.04465933965706,
            0.07325747902225462,
            1.0165599408787016,
            0.06307193662137452,
            1.3306943262540523,
            0.8127302643992269,
            0.010342628029888829,
            0.8828603045498016,
            0.041019918110290716,
            0.96052533693275,
            0.8091341571897211,
            0.15139117974302896,
            6.76399406477277e-05,
            1.1908602150537635,
            0.0411360751289452,
            0.5729334606490882,
            0.0547614048099346,
            0.015547318090041062,
            69.77259507155995,
            228.55531719822372,
            -248.36691514464715,
            476.92223234287087,
            151.95811869965044,
            104.98260866518855,
            0.6372181119016737,
            0.14582193448937752,
            0.29060634699278637,
            0.10198421743068731,
            86.54693903077488,
            0.013610824786308297,
            1.3572008403249909,
            0.7176447374022098,
            0.050139936951139705,
            0.03526571032249834,
            25.29406323531103
        ],
        "std": [
            16.47672208144622,
            0.8504920670668024,
            16.248391328654,
            16.73986402406499,
            2.3658773966346476,
            3.110211795110585,
            0.05491794515272413,
            3.1096972766942335,
            3.110902510150144,
            0.1549198075527243,
            0.03687486069729938,
            0.07848071305210844,
            0.3954137207092223,
            0.19324648284236887,
            0.10117373402253683,
            2.1832644810362853,
            0.14192024593418698,
            2.3204070343813736,
            2.056644503303549,
            0.48241234456672283,
            0.037067131935452365,
            1.388683056854041,
            0.1267751356424458,
            0.6915993628501189,
            0.22974322020414292,
            2.3517078284073847,
            71.72084601880955,
            269.72643234479307,
            289.6530231613521,
            546.5085400432818,
            150.05450389587395,
            127.38615123474813,
            0.06618289733845625,
            0.05682874042022041,
            0.041131813233607886,
            0.034932302006552875,
            11.97077771468142,
            0.03376016254775947,
            0.254746011636663,
            0.09001792465375276,
            0.03623703545580823,
            0.021145606219106366,
            29.227831141549437
        ],
        "features": [
            "hr_mean",
            "hr_std",
            "hr_min",
            "hr_max",
            "hr_range",
            "temp_mean",
            "temp_std",
            "temp_min",
            "temp_max",
            "temp_range",
            "acc_magnitude_mean",
            "acc_magnitude_std",
            "acc_magnitude_max",
            "acc_magnitude_min",
            "acc_activity_level",
            "eda_mean",
            "eda_std",
            "eda_max",
            "eda_min",
            "eda_range",
            "eda_slope",
            "num_scr_peaks",
            "mean_scr_amplitude",
            "mean_scr_peak_width",
            "mean_scr_area",
            "bvp_mean",
            "bvp_std",
            "bvp_max",
            "bvp_min",
            "bvp_range",
            "bvp_systolic_amp_mean",
            "bvp_systolic_amp_std",
            "bvp_pulse_width_mean",
            "bvp_pulse_width_std",
            "bvp_rise_time_mean",
            "bvp_rise_time_std",
            "bvp_pulse_rate",
            "eda_acc_ratio",
            "hr_acc_ratio",
            "hrv_mean_ibi",
            "hrv_rmssd",
            "hrv_sdnn",
            "hrv_pnn50"
        ]
    }
}