{
    "CE": {
        "mean": [
            29.414167817121196,
            0.015344805320251897,
            29.392274216014755,
            29.435886759778636,
            0.04361254376388206,
            1.0081565708538123,
            0.10642701461525822,
            1.5472163453629562,
            0.6877824703112154,
            0.01460678387230358,
            0.2654907752023422,
            0.01165561200241678,
            0.28801503553815455,
            0.24405512829876144,
            0.043959907239393095,
            1.2207602916583055e-05,
            0.45672552046079135,
            0.01288211084963746,
            0.2780633919744625,
            0.013830780414050253,
            0.004533918261215358,
            38.6569881883508,
            121.66320478153848,
            -128.9295732752592,
            250.59277805679767,
            84.22422927261685,
            59.53075568428856,
            0.6077498872343388,
            0.17612832070628084,
            0.2960003033706863,
            0.11899056672276306,
            89.5754168849117,
            0.00408765357136269,
            0.7558123054791699,
            0.06376805993572636,
            0.04034476804241602,
            38.44608927965358,
            90.09693306677934,
            0.6580835202991141,
            89.1699510136408,
            91.02701635390763,
            1.8570653402667872,
            1.3994004346853604
        ],
        "std": [
            1.9011892699088695,
            0.03712628696465437,
            1.9014553087149402,
            1.9018057630264467,
            0.10276900810651729,
            0.05151826494591072,
            0.10111345114174555,
            0.5342331624662454,
            0.22604208449904312,
            0.12028825026797782,
            0.8865827624890873,
            0.04813837253288236,
            0.9546398321027968,
            0.817266196099184,
            0.17257847609642102,
            0.011980222941066055,
            0.8400192446408464,
            0.061042212929732644,
            0.5604935209146112,
            0.07503915913048487,
            1.898549793668154,
            55.2479430203167,
            179.38271508886496,
            199.43952428157723,
            371.27724727704214,
            119.24730587198493,
            92.05237953423367,
            0.06891009378691902,
            0.045397641459500024,
            0.0434853303415211,
            0.026345098550061653,
            12.63580007518191,
            0.01360805133293557,
            0.1462280009379514,
            0.04833007684106006,
            0.02670528993526573,
            37.21313462294089,
            17.53773323854981,
            0.63761328388434,
            17.262578604025368,
            17.8136801809321,
            1.7421595535105503,
            0.2807590204207399
        ],
        "features": [
            "temp_mean",
            "temp_std",
            "temp_min",
            "temp_max",
            "temp_range",
            "acc_magnitude_mean",
            "acc_magnitude_std",
            "acc_magnitude_max",
            "acc_magnitude_min",
            "acc_activity_level",
            "eda_mean",
            "eda_std",
            "eda_max",
            "eda_min",
            "eda_range",
            "eda_slope",
            "num_scr_peaks",
            "mean_scr_amplitude",
            "mean_scr_peak_width",
            "mean_scr_area",
            "bvp_mean",
            "bvp_std",
            "bvp_max",
            "bvp_min",
            "bvp_range",
            "bvp_systolic_amp_mean",
            "bvp_systolic_amp_std",
            "bvp_pulse_width_mean",
            "bvp_pulse_width_std",
            "bvp_rise_time_mean",
            "bvp_rise_time_std",
            "bvp_pulse_rate",
            "eda_acc_ratio",
            "hrv_mean_ibi",
            "hrv_rmssd",
            "hrv_sdnn",
            "hrv_pnn50",
            "hr_mean",
            "hr_std",
            "hr_min",
            "hr_max",
            "hr_range",
            "hr_acc_ratio"
        ]
    }
}