{
    "94": {
        "mean": [
            86.47035682163872,
            0.6484712494711344,
            85.52230248404346,
            87.42133819216838,
            1.899035708124892,
            33.32940181826757,
            0.02890126023718944,
            33.283749461717335,
            33.37086254413918,
            0.0871130824218413,
            1.022616687821138,
            0.10022262300903152,
            1.5441393125619185,
            0.7017137736603363,
            0.009689087933855827,
            3.037537568920096,
            0.1971394648527274,
            3.3834578333476877,
            2.6545245242442514,
            0.7289333091034363,
            0.0005435145529746483,
            2.4705451726810783,
            0.19281578563913407,
            1.012988039928825,
            0.27469172103028433,
            -0.02008404209318803,
            98.93211135630544,
            324.211074264357,
            -350.32667345614266,
            674.5377477204999,
            215.32811796757545,
            151.08911776071946,
            0.6309587077981271,
            0.1608066713215616,
            0.2937851424542537,
            0.1121878301291143,
            87.14778201928813,
            0.046262713263397995,
            1.3222730786827808,
            0.7139952074391659,
            0.044970677202385775,
            0.02937430456442264,
            20.708856532598833
        ],
        "std": [
            12.691104824784539,
            0.7366675823682772,
            12.488924187755591,
            12.933495815560558,
            2.145466700234768,
            1.9454853180045864,
            0.07861927741626444,
            1.9619595526797957,
            1.9363014367837286,
            0.21875485547546106,
            0.04035304288748146,
            0.09244431827676684,
            0.50275723585625,
            0.22409232090561973,
            0.09795724945839365,
            4.876204958276466,
            0.35364378667732077,
            5.274434689816452,
            4.454978975088979,
            1.2072363281195346,
            0.08744508734722656,
            1.5605344502673728,
            0.3343137232357859,
            0.6780060727730046,
            0.6405492622001397,
            2.90401360555683,
            67.08350841892035,
            253.66918407857543,
            275.14817043352116,
            509.5841968746665,
            144.38150093730195,
            120.81849062219611,
            0.05443721873189128,
            0.04862203498707204,
            0.04404097675907882,
            0.0277126477659904,
            9.75613299726856,
            0.07379148081062983,
            0.19444351342978777,
            0.093185525246552,
            0.040537812125917644,
            0.023400776458503338,
            30.68365479816607
        ],
        "features": [
            "hr_mean",
            "hr_std",
            "hr_min",
            "hr_max",
            "hr_range",
            "temp_mean",
            "temp_std",
            "temp_min",
            "temp_max",
            "temp_range",
            "acc_magnitude_mean",
            "acc_magnitude_std",
            "acc_magnitude_max",
            "acc_magnitude_min",
            "acc_activity_level",
            "eda_mean",
            "eda_std",
            "eda_max",
            "eda_min",
            "eda_range",
            "eda_slope",
            "num_scr_peaks",
            "mean_scr_amplitude",
            "mean_scr_peak_width",
            "mean_scr_area",
            "bvp_mean",
            "bvp_std",
            "bvp_max",
            "bvp_min",
            "bvp_range",
            "bvp_systolic_amp_mean",
            "bvp_systolic_amp_std",
            "bvp_pulse_width_mean",
            "bvp_pulse_width_std",
            "bvp_rise_time_mean",
            "bvp_rise_time_std",
            "bvp_pulse_rate",
            "eda_acc_ratio",
            "hr_acc_ratio",
            "hrv_mean_ibi",
            "hrv_rmssd",
            "hrv_sdnn",
            "hrv_pnn50"
        ]
    }
}