{
    "5C": {
        "mean": [
            93.15996719644347,
            0.6382797622963803,
            92.2264818661128,
            94.09407013899984,
            1.8675882728870428,
            32.167325517896685,
            0.014621675119084306,
            32.14554251028314,
            32.188929355856395,
            0.043386845573259836,
            1.1086505581487203,
            0.09261197049429175,
            1.595370458388879,
            0.8021630883008376,
            0.18541591789465278,
            1.1768105665759467,
            0.05797805112421374,
            1.2726951115370793,
            1.0452199009624217,
            0.2274752105746575,
            -6.80971703318972e-05,
            1.7179825086857554,
            0.060930786918938704,
            0.8778226270377433,
            0.08619784435101821,
            0.018710576593810074,
            60.32298193338215,
            189.2806683698076,
            -201.43136867957614,
            390.7120370493837,
            142.21075981522029,
            78.29748740524732,
            0.6031295871540165,
            0.14265235538491788,
            0.2606930392235702,
            0.09790944111640353,
            92.4139622005863,
            0.014999680525104449,
            1.3796858911328835,
            0.6543894847418663,
            0.04705892631332566,
            0.03547759156910876,
            23.338606023717713
        ],
        "std": [
            13.991461546629937,
            0.6667121646251506,
            13.840309443550032,
            14.156562160955943,
            1.9132978751188139,
            3.966422108790728,
            0.036341839124105525,
            3.967849500516107,
            3.965202867167927,
            0.0925920364218397,
            0.3311332734885024,
            0.08281081211510954,
            0.4954033461570881,
            0.4667961982142621,
            0.5778842750517114,
            2.4054187952581785,
            0.12501018149368096,
            2.521380343477856,
            2.329717405801414,
            0.45132795737166304,
            0.028169032850837505,
            1.5936975572570666,
            0.13163126623771992,
            0.8309972610141368,
            0.22873366238352827,
            2.00145241806168,
            58.79317168885946,
            204.17588375885867,
            227.3294840553442,
            420.8923058906867,
            133.65673814338282,
            95.03211144277905,
            0.05014221544410096,
            0.05659969383820755,
            0.04950295655496513,
            0.040113110263329754,
            10.421786842226016,
            0.02417865003562292,
            0.30728677076519206,
            0.08736923384742423,
            0.038993426421088315,
            0.024055437662881003,
            30.90293763435681
        ],
        "features": [
            "hr_mean",
            "hr_std",
            "hr_min",
            "hr_max",
            "hr_range",
            "temp_mean",
            "temp_std",
            "temp_min",
            "temp_max",
            "temp_range",
            "acc_magnitude_mean",
            "acc_magnitude_std",
            "acc_magnitude_max",
            "acc_magnitude_min",
            "acc_activity_level",
            "eda_mean",
            "eda_std",
            "eda_max",
            "eda_min",
            "eda_range",
            "eda_slope",
            "num_scr_peaks",
            "mean_scr_amplitude",
            "mean_scr_peak_width",
            "mean_scr_area",
            "bvp_mean",
            "bvp_std",
            "bvp_max",
            "bvp_min",
            "bvp_range",
            "bvp_systolic_amp_mean",
            "bvp_systolic_amp_std",
            "bvp_pulse_width_mean",
            "bvp_pulse_width_std",
            "bvp_rise_time_mean",
            "bvp_rise_time_std",
            "bvp_pulse_rate",
            "eda_acc_ratio",
            "hr_acc_ratio",
            "hrv_mean_ibi",
            "hrv_rmssd",
            "hrv_sdnn",
            "hrv_pnn50"
        ]
    }
}