{
    "BG": {
        "mean": [
            88.93261389076703,
            0.6944942047013402,
            87.92090196078432,
            89.94362947937795,
            2.0227275185936446,
            31.19620493934374,
            0.0222907869399015,
            31.161115163796016,
            31.22915704154002,
            0.06804187774400539,
            1.0170560581025014,
            0.06191519383340404,
            1.3190623450259087,
            0.8205075217609094,
            0.01531610552594292,
            0.6713936887073386,
            0.03328354843338588,
            0.7366506322785238,
            0.6125838490655151,
            0.12406678321300851,
            8.92240593441096e-05,
            1.074488900883881,
            0.03494571325650594,
            0.5088609304936738,
            0.04422870336959052,
            0.017773672158478866,
            63.350855452258266,
            207.63900299406723,
            -225.0431415680742,
            432.6821445621414,
            138.17501272264496,
            95.34025197883754,
            0.6340702461668525,
            0.14905137922493727,
            0.29065123150124905,
            0.10390793577119382,
            86.45766734985534,
            0.010375846830612089,
            1.3675366345745286,
            0.7231039428862707,
            0.051198744881041536,
            0.035618871587226424,
            26.11097786933589
        ],
        "std": [
            17.931986713261463,
            0.9356108768551858,
            17.692872436214078,
            18.213877194059936,
            2.5949923398520323,
            3.315254153170007,
            0.04325669939455684,
            3.312768713654065,
            3.317823676791082,
            0.1291539546066225,
            0.0430471604147736,
            0.08342108510907095,
            0.399484460940027,
            0.1927464204744796,
            0.12281099333548819,
            1.860599551456537,
            0.12374475678319077,
            1.9745569857829208,
            1.7571195632356387,
            0.4243017484099494,
            0.03324989750136409,
            1.355544525926579,
            0.1170641137790274,
            0.66582892859302,
            0.2018643077902234,
            2.2537689504531633,
            71.87830014211099,
            268.4154064315594,
            287.65212337141526,
            543.6792965167156,
            150.50746897888243,
            126.24344357236629,
            0.0690699967817291,
            0.05689020202207815,
            0.04083382768425756,
            0.035445557084636065,
            12.916087007745439,
            0.028943375340203286,
            0.2785025556362195,
            0.09077941459924761,
            0.03689001809814478,
            0.021220375197335568,
            29.371709044491503
        ],
        "features": [
            "hr_mean",
            "hr_std",
            "hr_min",
            "hr_max",
            "hr_range",
            "temp_mean",
            "temp_std",
            "temp_min",
            "temp_max",
            "temp_range",
            "acc_magnitude_mean",
            "acc_magnitude_std",
            "acc_magnitude_max",
            "acc_magnitude_min",
            "acc_activity_level",
            "eda_mean",
            "eda_std",
            "eda_max",
            "eda_min",
            "eda_range",
            "eda_slope",
            "num_scr_peaks",
            "mean_scr_amplitude",
            "mean_scr_peak_width",
            "mean_scr_area",
            "bvp_mean",
            "bvp_std",
            "bvp_max",
            "bvp_min",
            "bvp_range",
            "bvp_systolic_amp_mean",
            "bvp_systolic_amp_std",
            "bvp_pulse_width_mean",
            "bvp_pulse_width_std",
            "bvp_rise_time_mean",
            "bvp_rise_time_std",
            "bvp_pulse_rate",
            "eda_acc_ratio",
            "hr_acc_ratio",
            "hrv_mean_ibi",
            "hrv_rmssd",
            "hrv_sdnn",
            "hrv_pnn50"
        ]
    }
}