{
    "train_losses": [
        0.26606989241238815,
        0.26440432117915297,
        0.2650117634694619,
        0.26801197376685687,
        0.2698593967964491,
        0.26422422976199406,
        0.261405691661569,
        0.25930268447621757,
        0.26218288703765497,
        0.29692467212317936,
        0.2909136508782226,
        0.27364808920187406,
        0.26321707028581437,
        0.260350027918277,
        0.25691641270216686,
        0.2566373707524624,
        0.2562058274241456,
        0.2571042056408632,
        0.2592546346945217,
        0.25766558487372226,
        0.2612215596060437,
        0.26571358713399934,
        0.2667380334383034,
        0.26212401741958524,
        0.257986566680203,
        0.25855415731848,
        0.25352414037628346,
        0.2529351194220853,
        0.25097450795751736,
        0.25196922101439484,
        0.25400656345019856,
        0.2546021071857358,
        0.2536632743361126,
        0.2727501544069095,
        0.2767564299325627,
        0.26829951747982617
    ],
    "val_losses": [
        0.30291422178228217,
        0.3030752200319106,
        0.306012471397239,
        0.3028337009340884,
        0.3020745269864438,
        0.2992314299546092,
        0.302176227770656,
        0.29680603419441776,
        0.2977269869970988,
        0.3225969954068402,
        0.32054570299315166,
        0.3007107746888356,
        0.2940754184880889,
        0.29545493046921417,
        0.2934198589569115,
        0.2981005793953516,
        0.2940658833607134,
        0.3001932275582509,
        0.3004023775637868,
        0.29461404663252544,
        0.3004309008997607,
        0.3031242023031396,
        0.30496634596801664,
        0.30147844265742474,
        0.2928048849823963,
        0.29112889483032456,
        0.2930701276264995,
        0.29152623878186007,
        0.2917929074491363,
        0.2933594568307141,
        0.29541920664080656,
        0.2939669234925006,
        0.3010517112820981,
        0.30677204785576784,
        0.310560669166496,
        0.30243099274405516
    ]
}