{"train_losses": [0.5486562106612924, 0.17080938869768436, 0.09977039511877674, 0.07205451445447074, 0.05646653892332548, 0.045927350135246015, 0.0375273484071051, 0.031632265145960334, 0.02881104028126499, 0.025574944056178984, 0.023814047772056975, 0.02110843799795743, 0.01850584859878675, 0.01792725795941489, 0.016183638250925118, 0.016053958107261464, 0.01415501864467588, 0.013649095428755155, 0.013216192376109081, 0.011248603250618812, 0.010747916629753291, 0.011923904134262656, 0.010307762672559725, 0.009846618167941345, 0.00972168079148083, 0.00899892136581835, 0.009447946611025536, 0.008609425127240564, 0.009458119543996436, 0.0080899631058484, 0.007779190594200381, 0.008297873660397657, 0.007479975722987462, 0.006996976779235454, 0.008144032283701483, 0.006585613830370252, 0.0076209021146288955, 0.006253581575898302, 0.0063061207554208016, 0.006198083670207162, 0.006441361820059562, 0.0059593574824958325, 0.005561084738252936, 0.006235213936991744, 0.007220819330454018, 0.00670338033694304, 0.005122682447447344, 0.00548723042248986, 0.005060519895854745, 0.006195247306680033, 0.004952851077926264, 0.005994243538842673, 0.005704545843580671, 0.005289364334244096, 0.005444368954510889, 0.00496651905467496, 0.005544850706575891, 0.005353443757015596, 0.005140685966320884, 0.004800813928611476, 0.004794404800619802, 0.006253106612397509, 0.005672819872579731, 0.005594868374538857, 0.004848379165884359, 0.005331049845347673, 0.004982228090569892, 0.004953888110857032, 0.005176163972467296, 0.004572589275869052, 0.005218290453011103, 0.005519020880412383, 0.005029212694801111, 0.005139045201608346, 0.004783005722135574, 0.004797754069079166, 0.0045555863211661374, 0.005352583600647954, 0.005410115252470586, 0.004730028206501408, 0.005249740630171511, 0.004534054773649223, 0.00466477371482724, 0.006880059196000539, 0.004856938542203849, 0.004187352553219045, 0.004119349672517099, 0.004491531694246395, 0.0049091265081496515, 0.004546863995646281, 0.004983355118924551, 0.004815125803049939, 0.005794602136429002, 0.005227673234552279, 0.005310406515797091], "val_losses": [0.23921780673773974, 0.12728009307822147, 0.08979171941747198, 0.07111910200462891, 0.058747055022032944, 0.04902497929735826, 0.0421639917079698, 0.038312570999500216, 0.03301397796029915, 0.031166660117467382, 0.02743073151010525, 0.025304843648825282, 0.022534515943143752, 0.021074159075733977, 0.020276957857455095, 0.01761300939499967, 0.017646056025165256, 0.015045523633724535, 0.01406074605289508, 0.012687814788293693, 0.012000654552985062, 0.011038108295728485, 0.009902073843795415, 0.010299783498797748, 0.00902727529995951, 0.008832833972284114, 0.008360668241007292, 0.008799597489080959, 0.008696948936033238, 0.007813360629573959, 0.007795071524447417, 0.007379018034463605, 0.007525736731444518, 0.006808377900063158, 0.006954825642824798, 0.006335750785558582, 0.006446089856473117, 0.005929091240692936, 0.005996250448149297, 0.005905435586240715, 0.0056073464704775155, 0.005417002279106267, 0.005237629290318469, 0.004905353939743595, 0.004915667187350874, 0.0048007444047916134, 0.004609803461153842, 0.004856808959763706, 0.004721319733978855, 0.004618601411315645, 0.0042968950520507285, 0.004324066394270834, 0.004209920951414372, 0.0041229918485562725, 0.004274237521604954, 0.004424556487376665, 0.004181514752392129, 0.003961502861352051, 0.0038511367684467925, 0.00416762919907647, 0.004272841028437683, 0.004472819506801287, 0.004173171057461898, 0.004174294313489153, 0.004043372542926247, 0.004195011207236342, 0.004036763914367444, 0.0037642546135271166, 0.0037830483308387594, 0.003834939192389496, 0.0034664357630568524, 0.003597077676884739, 0.0034699966374726094, 0.0038295904326275435, 0.00368894717673986, 0.00364336472878174, 0.004141449163443168, 0.003729315384672108, 0.0035221373238617073, 0.003787397009921358, 0.003335153282672115, 0.003635614828314059, 0.0037873259495611634, 0.0031903804238345083, 0.003078364728871811, 0.003231718311968774, 0.0035332835401926136, 0.003885629703494284, 0.003928297210502653, 0.0036216323087692025, 0.0038727408631581005, 0.004090490759923481, 0.0036645103278537313, 0.0035721993699044615, 0.0034674410415175077]}